Row.names,1,2,3,4,5,6,7,8,9,10,11,12,13,14,15,17,19,20,21,22,23,24,25,T05_3_044,T04_1_070,27,29,30,33,34,35,36,37,38,39,41,42,43,44,45,46,47,T01_1_016,T03_1_048,T03_2_045,T03_3_085,T04_2_044,T04_3_028,T05_1_034,T08_1_161,T08_2_164,T08_3_020,T09_3_077,T10_1_291,T10_2_117,T11_1_015,T11_3_146
group,0,0,0,0,0,0,0,0,0,0,0,0,0,0,0,0,0,0,0,0,0,0,0,0,0,1,1,1,1,1,1,1,1,1,1,1,1,1,1,1,1,1,1,1,1,1,1,1,1,1,1,1,1,1,1,1,1
stage,3,4,4,4,4,0,4,3,0,0,0,4,4,4,4,0,0,0,4,0,3,0,4,0,0,0,4,4,0,0,0,0,0,0,3,0,0,4,0,0,0,0,1,0,0,1,1,4,0,1,1,1,0,1,0,4,1
ENSG00000072062,314,241,455,433,466,178,191,42,453,436,343,283,556,442,233,287,213,307,434,277,439,252,616,555,303,231,521,390,478,250,430,230,341,49,179,212,332,192,120,190,374,261,362,229,147,181,184,475,365,340,270,280,385,320,341,278,344
ENSG00000077232,3040,2076,1986,892,1627,858,1082,2207,1750,2749.45,1478,1740,3026.71,2154,3780,1762,731,2523,2355,807,1750,814,2430,2780,1677,1323,2886.89,5225,8726,19079,2521,1049,1491,734,1629,2912,5272.33,1779.1,918,1385,4993,3358,2312,1981,868,2436,14505,4120,977,9901,2675,16206,1559.63,2386,2642,2403.87,1455
ENSG00000078549,50,13,0,5,318,0,15,0,0,1595,52,797,43,63,149,181,1,7,89,10,11,176,121,61,30,6077,51,916,2323,2183,51,0,34,154,128,16,0,1507,20,28,160,149,1,14,271,629,1153,462,10,4051,3295,3728,10,3309,5646,966,845
ENSG00000078814,17,52,64,37,34,80,86,0,0,24,2591,111,77,304,2709,35,15,57,15,15,64,11432.73,12,59,78,13,17,391,59,51,18,38,40,56,5,13,45,31,92,22,1454,17,75,24,107,59,27,1202,23,53,43,68,28,102,55,4291,83
ENSG00000084676,596,329,731,626,776,495,298,482,834,638,781,927,655,914,424,399,389,614,520,574,455,321,519,1283,428,466,664,924,572,364,508,177,503,143,569,180,609,248,321,440,624,1036,388,442,171,412,298,611,416,618,462,768,811,379,410,505,508
ENSG00000085465,6253,18,49,6,15,38,17,0,0,0,65,64,129,0,114,63,0,48,8,24,11,65,66,28,36,2876,20,52,49,2495,6,99,14,6,4,0,9,15,25,10,75,12,51,3,91,73,3059,76,23,130,671,1763,36,118,47,118,28
ENSG00000099822,0,0,13,12,69,154,0,0,0,41,25,2,0,13,13,2,3,0,4,6,5,2,3,6,0,1,4,3,3,0,2,0,1,0,1,0,5,8,0,2,8,3,0,6,15,7,0,3,2,5,1,3,16,7,1,11,13
ENSG00000100823,895,155,422,334,354,294,455,676,704,534,603,675,643,845,317,422,176,394,593,821,313,323,471,527,171,278,827,620,430,189,639,136,344,52,297,209,314,397,402,267,723,377,257,693,160,260,137,343,417,436,427,335,484,358,331,254,259
ENSG00000107223,409,93,368,432,236,46,175,123,486,241,492,194,195,177,99,309,102,264,216,245,120,211,275,229,181,126,250,277,213,95,284,76,185,8,151,49,254,204,133,115,417,101,169,67,61,148,69,160,199,155,113,80,175,181,118,184,134
ENSG00000108107,1449,576,1077,2694,1709,1004,1177,881,608,1538,1187,636,1768,1464,788,863,727,1366,1030,1725,1073,694,1264,1127,863,703,1832,2485,1215,638,1175,584,1071,158,741,374,1059,620,836,396,1717,620,1028,567,341,554,292,1006,1250,1056,1061,797,2629,1202,665,888,1253
ENSG00000108298,2736,432,1851,2360,1809,937,1245,604,751,2171,3111,1426,2161,1524,888,1539,785,2075,1528,3241,941,963,1946,1714,606,776,1981,2914.97,1475,611,3272,422,1170,170.01,1173,931,1205,1157,844,528,2303,568,878,664,267.99,691,327,1623,939.99,1094,1056,666,2493,807,943,862,909.99
ENSG00000109063,15,26,32,121,36,60,28,219,0,17,39,82,11,5,38,59,9,47,50,37,50,45,13,72,29,7,24,11,27,9,16,9,30,0,22,5,14,29,17,14,60,6,7,0,6,8,4,35,31,55,38,11,38,37,42,70,33
ENSG00000111218,9,0,0,0,0,0,0,0,0,0,3,5,0,0,3,2,0,0,1,1,0,0,0,0,1,6,2,0,20,0,1,0,6,0,1,0,0,5,0,0,230,1,0,0,49,0,32,10,0,13,2,19,0,27,0,0,15
ENSG00000112038,3,0,0,0,0,61,0,0,0,0,0,0,0,2,0,1,14,2,3,0,1,0,0,3,4,157,2,0,3,39,0,0,1,0,0,16,0,0,0,0,2,6,0,1,128,2,29,4,1,5,1,16,0,6,2,3,4
ENSG00000113360,583,245,413,706,498,715,360,517,181,559,706,503,755,569,460,399,251,412,622,612,391,615,478,390,351,315,766,803,530,246,495,257,749,52,497,164,362,274,377,267,744,501,363,563,344,290,245,531,349,472,414,481,441,354,351,333,279
ENSG00000114391,1398,346,1280.99,1527,871,551,537,586,516,1394,1434,842.27,1480,970,669,1009.99,485,1247.98,1020.99,1879,487,433,1026,1317.98,216,402,1213,1700,897.97,592,1090,499,448,326.03,742,696.03,645.01,401,561,252,1194.99,618,557,424,167.99,299.96,260,955,582,616,533,425,949,422,528,231,424
ENSG00000123243,365,33,18,48,135,0,26,186,19,84,50,239,158,103,45,1,33,52,95,48,30,9,68,14,58,483,138,16,19,383,26,21,35,204,75,3,145,596,13,63,39,19,15,212,272,72,654,288,57,867,428,344,182,773,84,63,85
ENSG00000125844,2824,564,2813,3242,1942,2366,1471,1391,2471,1273,3550,1116,1024,934,531,2299,531,1778,1102,2515,934,2159,1845,1853,1390,1493,2146,2106,2084,745,1614,569,1955,895,1164,568,859,600,843,1111,4108,1027,1393,989,530,932,613,920,1130,1128,1008,793,781,1004,1006,1376,1400
ENSG00000126838,4,0,13,9,0,0,0,0,0,0,0,16,15,0,16,3,0,3,0,0,4,2,177,20.01,8,357.26,9.49,67.34,495,435,1,0,2,13,8,19,33,8,0,2,26,4,10,36,23,18,433.27,74.04,11,325.11,18,153,86,7,11,32.03,25
ENSG00000127554,78.96,40.67,81.91,131.7,38.59,209,64.8,98,56.35,88.87,94.58,46.26,166.72,215.23,35.33,104.66,34.12,81.22,35.56,141.92,71.99,43.94,66.97,93.72,59.23,39.33,81.5,82.75,57.7,20.66,104.7,13,47.36,0,18.18,25.24,63.35,29.87,34.52,40.45,135.36,73.68,100.04,51.72,43.6,21.73,34.15,65.57,110,80.67,92.34,55.82,89.08,79.61,59.49,26.16,89.31
ENSG00000128567,4811,625,1123,2809,5822,1425,2230,3223,766,4613,1995,2833,3086,1583,1915,620,884,3009,1197,1415,1408,837,489,5302,2131,4408,6740,10207,24311,11880,1369,1095,976,805,821,169,626,1845,1329,1468,2967,5558,750,2358,1560,6908,6742,2794,1674,28541,7991,7709,964,5828,5340,10252,8799
ENSG00000130255,727,194,881,1410,822,364,496,286,318,965,1166,417,1000,739,324,761,416,779,489,1069,231,487,539,666,156,264,663,1441,702.4,288,516,294,410,230,223.66,352,644.06,238,372,246,972,199,512,175,177,190,137,394,455,413,390,335,716,466,299,465,366
ENSG00000134216,165,0,0,0,0,0,0,0,0,0,0,0,0,0,1,0,0,2,2,0,2,0,0,0,0,21,0,0,0,0,1,0,6,25,0,0,0,0,0,1,0,1,11,0,18,0,31,6,0,39,2,6,0,2,16,0,2
ENSG00000136942,832,209,700,787,1130,422,633,503,565,1145,1043,503,749,733,365,584.99,379,889,521,1102,430,332,677,615,309,247,1041,1068,551,205,571,367,303,212,309,241,693,501,431,232,749,399,445,680,153,262,134,661.99,608,550.99,538,371,1042,539,330,334.97,517
ENSG00000139163,1259,1026,1178,1071,1334,1216,1007,1015,636,1228,1025,1442,1587,1423,1518,1038,1087,1100,1305,751,848,916,1664,2023,1062,1389,1577,1400,1994,1645,1631,946,964,452,1141,1052,1179,698,733,807,1568,1377,2256,2250,944,2063,2825,4809,1722,3153,2472,2919,2054,2121,1417,2002,1737
ENSG00000143369,1209,20,74,88,154,0,14,174,203,215,77,61,0,365,359,29,532,51,82,22,53,149,84,328,53,17,267,82,39,4,109,2,93,0,31,18,48,63,20,25,149,9,7,39,110,63,23,138,161,82,30,214,27,148,41,136,267
ENSG00000143436,115.96,34,185,208.79,268,90,215,68,96,115,161,71,168,289,108.84,210.93,114,126.44,137,290,72.47,162,112,188.29,75,34.83,263,153,86,29,328,82,139,0,93,85.88,156,81,90,106.57,188,168.81,132,147,54,74.35,37.08,159.66,80,93.11,86.05,61.64,156.89,57.74,96,91,52
ENSG00000144713,2047.99,691.52,1225.61,3342.23,1795.14,784.31,1437.66,993.29,799,2457.36,2113.37,1851.17,2525.99,2026.07,1414.82,1397.63,1051.98,2533.14,1329.37,2904.29,1374.1,905.09,1657.17,2824.25,720.69,907.91,1939.49,3191.9,2035.62,976.04,1179.03,443.39,531.01,208.51,924.23,729.23,1538.13,740.05,826.21,583.72,2157.05,1301.59,1149.7,1203.17,375.38,799.71,362.77,1475.57,1110.64,1532.9,1334.27,1184.12,2964.92,1426.64,673.96,1152.55,1480.1
ENSG00000145198,68,0,1,6,0,0,0,38,4,0,20,23,29,0,115,5,5,3,5,80,1,67,45,7,11,607,25,112,36,139,2,834,12,0,6,1,29,14,171,0,24,602,9,5,25,104,358,166,17,265,160,226,6,97,35,30,126
ENSG00000145734,1482,766,996,1108,1058,1048,1321,1276,299,1231,1267,1189,1224,1258,994,1432,739,809,1377,2995,1137,1718,778,711,477,759,1026,1016,1444,503,954,895,819,228,1394,548,1213,362,1139,837,1751,842,957,958,499,627,684,1186,634,890,1070,705,920,916,648,1193,608
ENSG00000151320,271,9,3,35,174,25,48,28,0,117,24,123,157,102,72,177,23,58,70,93,37,62,80,121,49,319,113,343,570,403,93,0,167,99,49,60,610,109,17,25,107,123,165,59,123,122,986,361,12,250,142,269,87,105,137,636,146
ENSG00000153339,494.2,340,441,244,310,163,296,259.37,129,399.33,323,331,342,373,366.59,338.4,315,435.54,513.94,358,317.26,179.64,560.27,572.67,418,332,669.97,724,600.7,314.64,463.8,575,424.31,177.89,243,220,451,240,546.17,359.77,368.65,607.15,723,641.33,362.42,392.1,507.84,686.23,667,950.78,965.82,647.07,1010.58,629.09,567.37,475,511.75
ENSG00000153993,149,0,1,26,0,0,17,70,39,5,8,67,0,7,46,8,17,7,305,101,6,0,45,10,46,429,121,456,178,343,24,0,56,24,73,262,5,10,11,0,2,3,0,12,73,119,2140,286,85,526,64,291,128,121,426,23,151
ENSG00000156218,74,54,15,62,82,0,0,207,14,26,18,141,70,97,30,103,3,97,2,90,108,58,49,28,143,155,30,84,187,420,55,51,91,153,75,1518,34,55,59,2,31,93,0,4,93,152,21,344,0,4043,322,91,87,69,366,80,15
ENSG00000164972,16,0,0,4,7,0,0,0,0,0,0,1,32,0,0,8,0,3,2,0,0,2,225,0,0,7,2,9,37,6,1,0,0,0,1,10,2,0,0,0,5,28,7,0,1,29,64,182,0,198,167,41,6,66,33,16,28
ENSG00000165923,36,20,3,5,0,0,3,1,2,0,15,39,14,0,12,12,12,9,24,0,32,42,170,36,11,109,4,111,105,162,12,20,17,10,10,19,8,10,14,3,8,65,36,18,33,38,316,139,11,304,260,150,54,195,89,43,72
ENSG00000166823,39,64,15,5,41,0,27,0,1,50,12,2,0,0,34,39,37,6,10,34,8,13,163,23,21,183,79,17,199,0,15,61,7,0,13,5,2,35,45,45,8,646,165,1,15,293,196,26,0,126,437,19,43,251,389,11,58
ENSG00000169436,10,17,19,3230,25,0,4,0,0,23,7,198,0,30,15,2,4,0,1,10,492,5,8,0,958,4,13,0,0,6,619,16,89,0,39,0,13,14,0,0,0,0,33,14,29,1,18,41,72,36,7,27,47,12,22,27,14
ENSG00000169856,0,0,0,0,0,0,0,0,0,0,0,1,0,75,3,1,0,2,0,1,0,7,4,10,0,20,9,1854,0,39,0,3,0,521,0,13,61,0,0,820,7,3,0,8,38,13,15,8,0,10,0,0,0,5,22,23,5
ENSG00000171490,993,202,501,1130,469,515,481,226,405,810,1000,487,956,702,314,680,343,727,688,1205,437,289,485,425,237,256,778,1017,571,203,858,171,461,231,357,310,515,259,327,169,867,378,441,331,190,293,188,477,406,536,420,351,534,409,257,312,359
ENSG00000174123,1,0,9,5,0,0,0,214,32,0,0,14,18,0,3,1,0,8,1,7,3,0,2,6,23,16,35,3,5,15,20,0,3,0,220,0,3,0,0,13,2,8,0,9,17,2,6,12,0,68,26,11,516,6,3,19,71
ENSG00000176046,52,312,1903,185,112,377,393,44,209,51,579,66,18,211,33,43,41,749,58,63,77,182,137,152,308,63,181,158,163,35,182,37,100,18,66,107,31,80,564,234,181,89,326,62,54,126,21,199,182,84,47,82,152,84,97,53,66
ENSG00000176659,0,0,0,185,0,0,0,0,0,0,0,0,0,0,0,1,7,1,1,0,1,1,7,24,18,15,5,7,37,0,3,0,3,0,3,5,0,34,0,1,3,37,14,2,31,10,20,6,1,8,14,4,37,11,33,20,2
ENSG00000177992,6,0,0,0,0,0,0,0,0,0,7,7,0,0,5,4,1,6,2,0,0,0,0,0,1,39,1,12,49,9,0,0,0,0,0,0,11,17,0,0,20,4,0,8,32,2,40,4,6,11,14,26,4,40,2,0,11
ENSG00000182253,25.17,69.04,179,638.32,219,216.63,176.14,325,226.92,156,309.45,64.41,111,22,159.29,81.9,103,564.01,44.97,71.18,45.01,137.07,82.43,463.75,174.46,25,153,108.62,109,38,89,79,145.58,15,76.79,11.81,106,105,88,112.2,257.35,147.71,155.96,91.2,95.41,69.27,22.71,377.87,43,63.28,31.81,97.96,147.69,52.18,139.55,187,68.57
ENSG00000188505,1,5,0,850,73,153,2,0,0,89,0,0,6,0,26,0,431,0,50,9,3,7,63,3,13,1,2,22,0,0,42,0,13,0,4,0,0,41,3,2,6,2,4,6,43,18,0,3,15,0,34,18,52,15,27,0,10
ENSG00000189423,208.48,221.24,49.73,82.72,231.22,138,217.24,27.35,57.38,183.54,59.98,96.34,75.54,27.26,447.49,205.51,96.35,71.81,89.35,94.61,49.79,419.7,298.85,112.97,211.99,786.89,157.74,412.4,903.41,413.59,282.12,136.08,178.42,69.17,274.07,637.89,163.7,80.15,66.34,98.29,291.54,220.79,71.55,91.94,154.25,362.85,1525.23,335.88,291.94,1522.28,343.05,761.84,48.07,372.62,165.22,617.45,486.41
ENSG00000197826,9,0,0,0,0,0,0,0,0,0,8,2,0,0,0,2,0,0,0,0,0,4,123,0,0,0,0,0,0,22,0,0,1,0,3,53,0,0,0,0,0,11,0,0,15,12,121,31,0,66,42,11,0,16,10,0,4
ENSG00000197888,483.63,0,0,0,0,0,0,0,0,0,0,7,0,0,1,2,0,0,0,0,3,0,0,1,0,0,0,0,25.82,2,27,0,58.31,0,1,0,0,0,0,0,0,6,0,3,0,3,0,6,1,263.25,124.8,0,36.71,6,106.78,0,4
ENSG00000198074,4,67,2,0,26,1849,0,0,0,94,0,0,0,0,5,0,316.8,0,12,6,0,9,33,123,959.71,15,18,0,27,0,0,0,4,0,0,0,6,2,0,14,0,1,0,689.93,9,5,13,4,30,2,23,3,0,3,349,3,7
ENSG00000198881,6,0,0,0,0,0,0,0,0,0,0,0,0,0,3,3,0,0,3,0,0,0,4,1,0,10,9,3,2,0,0,0,0,20,0,0,39,0,0,0,12,1,0,0,1,7,3,6,0,5,0,5,3,2,6,9,11
ENSG00000199347,10.99,55,236.73,46.99,10,7,6.97,27,413,20,67.95,16.98,44,53,10.89,130.98,121.95,0,78.98,17.95,10.98,2.98,18,1.82,0.5,12.13,0,2.92,10.91,8,4,8,2.99,3.93,40.95,48,9,2,2,0,46.96,8,13.86,0,0,0.99,4.68,4.94,0,0.98,0.91,0,2.87,1.97,4.82,0,0
ENSG00000199568,79.45,379.65,784.92,116.28,34,32,21.05,142,620.61,304.79,463.46,56.31,366.99,241.21,60.36,590.67,259.18,6,303.4,66.72,81.97,97.28,80.41,18,80.39,91.01,9,59,89.86,126.94,17.14,147.47,23,129.32,121.4,258.95,49.46,15,41,22.81,257.64,8.5,51.91,8,6,13.42,42.04,45.35,47,7,29,11,26,38.81,44.47,87.42,38.16
ENSG00000200320,113.73,152.39,169.92,88.48,45.55,11.84,27.51,21.78,374.26,50.77,180.25,94.27,184.1,189.51,112.82,256.62,96.37,62.8,83.34,69.49,62.54,38.25,99.8,82.37,82.83,53.39,8.93,94.25,157.71,90.62,35.86,49.51,53.78,12.64,39.24,52.08,75.55,20.88,70.35,22.55,172.55,24.9,25.22,23.65,6.23,19.62,58.25,67.71,27.47,26.83,34.27,15.03,51.4,30.07,131.46,33.55,62.83
ENSG00000201098,11,104,1206.99,56,20,2,6,34,297,61,210,18,181,115,28,140,85,23,65,12,5,64,12,25,46,24,1,65,26,37,3,39,3,732,55,58,22,1,25,9,127,4,82,14,26,53,105,128,77,11,14,11,20,5,2,47,6
ENSG00000206811,13.75,39.42,39.25,0,0.55,8.52,5.73,0,132.71,23.59,31.98,6.67,34.24,34.32,8.92,28.34,24.31,6.88,6.76,5.17,6.8,2.64,8.89,10.13,15.75,4.8,3.96,16.39,9.69,6.97,3.96,5,0.49,1.5,1.75,0.15,15.83,1.91,6.54,2.97,18.48,2.98,3.89,0.29,0,0.66,8.84,12.8,25.18,4.58,3.99,3.4,19.4,11.54,13.79,2.81,4.11
ENSG00000207088,9,24.15,88.1,10,46,26,5,1,168,83,44,18,66,17,20.36,50.92,23.62,14,25,10,19,21,30,27.55,57.49,17.92,6.46,33,27.55,20,9,0,1,21,15.51,9.66,15,2.08,18.69,2,57.48,15,6,13,6,11.21,26.61,24.11,17.04,6,5.07,8.27,21.17,18.14,44,18.01,13
ENSG00000207165,17.25,76.71,73.31,9.38,23.03,0,9.69,34.05,394.2,217.48,15.1,6.14,113.54,46.85,23.26,31.28,27.89,15.29,13.09,12.4,12.28,0,8.71,18.63,42.65,40.41,7.76,24.14,28.01,5.3,0.88,21.81,2.84,0,20.84,18.4,24.64,22.46,26.51,3.67,22.03,5.83,0,0.68,1.21,0,22.67,54.05,14.99,13.15,19.24,7.65,45.79,29.17,41.5,19.5,48.64
ENSG00000208892,12,9,16,11,7,0,0,0,179,66,46,24,15,17,12,41,1,10,17,5,7,7,21,4,5,14,5,5,6,19,5,0,0,0,4,5,10,1,1,4,13,0,0,0,1,2,5,12,5,4,2,0,3,3,4,0,4
ENSG00000224506,22.35,0,0,0,0,0,0,0,0,0,8,8.67,0,0,5.21,1,0,0,0,0,0,4,1,0,0,89.93,0,0,0,146.51,33.57,0,37.09,0,8.48,0,3,0,0,0,0,1,0,0,1,7.29,300.19,72.31,0,44.74,5,158.79,0,14.95,0,32,3.21
ENSG00000225647,0,0,0,0,0,0,15,0,0,0,0,0,0,0,1,0,0,0,0,0,0,0,0,1,0,1,0,0,0,0,1,27,2,0,1,5,0,0,0,1,0,0,0,4,31,3,20,3,0,0,5,2,2,1,0,0,0
ENSG00000226091,194.4,10.48,52,50.75,16,5,10,0,0,4,4,40,13.01,0,3,12.1,84.54,24,107.29,9.08,43,33,15,7.06,31,136.86,50.03,63,50.71,101,37,12,23,110,4.02,18.16,60,92.37,21,3,16.77,177.28,30,15,35.75,38,236.87,41.16,164.89,236.62,222.77,225.37,13.16,337,190.15,19,71.69
ENSG00000226599,0,0,3,2,0,0,0,0,0,0,0,6,0,0,0,1,1,1,3,0,0,0,5,2,1,2,1,0,6,18,0,28,2,0,18,0,0,8,0,1,0,0,6,11,9,1,23,4,2,5,0,6,4,10,10,6,6
ENSG00000226721,0,12.32,0,0.61,0,57,0,219,52,0,0,35.25,2,0,2.59,13.09,0,12.06,0,25,8,24.59,1.38,0.61,3,1.64,9,4,12.6,0,6.29,0,7.45,0,0,0,4,0,5,8.45,14.26,3,0,3,8,0.99,0,11.35,0,12.75,5.62,2,12.49,3.98,0,13.63,10.9
ENSG00000228590,1,0,2,3,0,0,0,0,0,0,0,5,0,0,0,0,2,0,2,0,0,0,0,0,0,9,4,0,0,0,3,0,2,0,29,0,10,0,0,4,0,0,13,1,50,0,8,0,0,3,2,5,156,2,0,6,10
ENSG00000229953,5,0,0,0,9,0,0,0,0,0,0,0,0,0,0,0,0,0,1.18,0,0,0,0,0,0,0,47.42,1,2,0,0,0,3.17,0,0,6.1,0,16,0,0,5.04,0,0,0,2,0,0,5.02,20.54,7,0,2.07,12.79,0,127.22,3,16.55
ENSG00000230246,3,0,0,3,0,0,0,0,0,0,4,4,0,0,1,2,0,5,0,0,1,0,2,0,0,18,0,23,5,61,0,0,0,0,0,0,0,0,0,0,11,2,0,3,39.15,0,14.42,7,1,19.43,6,23.96,5.91,42.21,0,5,8.9
ENSG00000230657,0,0,8,4,4,0,0,0,0,0,0,2,0,0,1,4,0,4,2,1,8,2,2,1,8,14,4,2,0,0,1,3,4,0,3,4,0,0,0,1,3,3,16.91,6,16,3,3,30.42,15,5,6,50,32.13,29,10,34,20.99
ENSG00000231500,3730,782.93,2772.99,5671.99,2181,610,1964,938.01,1665,2811.98,4312.99,1891,2841.91,2642.3,2652,2296.96,1230.05,3858.43,2181.94,4476,2009.99,1333,2877.99,4954.11,769.95,1094.99,2671,4909,1482,1042.1,4415.99,665,1891,584,2141.96,1255.01,2556,1611,1340,945,2966.99,805,1907,1612.99,330,945.96,618.99,2261,1485.97,1575.97,1455,1237.95,2627.99,1254.94,833.29,1476.99,1546.99
ENSG00000234810,0,0,0,0,0,0,0,0,0,0,0,43,0,0,0,1,0,2,1,0,0,0,1,1,0,9,2,0,8,0,6,178,2,0,6,2,0,0,6,2,1,0,0,6,19,0,7,0,0,8,1,0,4,0,0,0,0
ENSG00000236095,3,10,3,2,1,0,0,0,0,0,7,7,0,0,13,6,0,8,7,0,8,26,13,16,4,16,10,26,15,16,4,27,12,0,9,16,0,12,4,5,15,7,24,20,23,6,30,30,41,18,25,19,11,19,24,29,21
ENSG00000237359,6,11,20,0,7,0,0,0,0,0,2,10,0,24,2,20,4,10,0,0,6,3,13,18,7,13,9,4,0,17,11,60,12,0,11,3,0,25,10,34,9,4,50,35,64,26,105,42,4,64,34,63,40,42,14,46,37
ENSG00000239440,2,0,0,0,0,0,0,0,0,0,4,0,5,0,2,42,0,0,0,2,0,0,3,0,0,136,0,97,0,84,1,0,1,224,0,8,33,0,0,0,0,0,0,0,17,0,28,2,0,4,0,2,0,2,0,0,0
ENSG00000240602,2,0,0,3,0,0,2,0,0,0,1,5,0,0,2,1,0,7,0,0,0,26,18,19,0,3,1,7,6,117,2,20,9,56,4,20,2,0,0,20,9,14,27,6,3,24,72,10,3,59,4,17,1,15,8,35,15
ENSG00000242265,434,485,9763,3820,541,181,993,2,58,314,892,1777,0,1271,254,337,175,91,517,296,66,71,1051,2729,202,12,619,104,46,24,1917,355,980,0,910,107,1,944,10,186,34,608,67,583,160,125,5,380,26,8,79,71,73,402,770,194,51
ENSG00000244107,0,0,10,0,0,0,0,0,0,0,4,4,0,0,1,9,0,3,2,0,0,8,4,8,0,19,0,36,5,69,0,0,1,20,4,16,0,0,14,6,5,6,0,0,1,10,48,20,0,42,8,48,0,26,20,41,15
ENSG00000249784,0,11,8,0,0,0,8,0,73,0,2,0,0,5,1,3,4,0,2,1,0,0,4,0,0,0,0,2,0,0,0,0,0,0,0,0,2,0,0,0,2,2,0,0,0,0,0,1,0,1,1,0,1,2,0,0,0
ENSG00000249816,11,0,7,10,0,0,13,0,0,22,36,0,1,0,4,9,0,33,1,7,0,12,4,2,4,159,0,56,75,71,6,0,4,0,0,10,5,4,26,25,28,81,12,22,60.66,26,58,58,4,93,2,76,2,11,2,10,17
ENSG00000250493,7,0,0,0,1,0,0,0,0,9,6,7,0,0,0,0,0,0,4,0,2,4,5,0,0,66,3,36,45,33,1,0,2,0,4,0,0,1,0,0,1,12,0,5,25,3,22,3,0,22,3,14,1,22,3,6,0
ENSG00000251244,0,0,0,0,0,0,0,0,0,12,3,0,0,0,0,0,0,5,0,0,0,0,2,0,0,0,2,39,0,0,9,0,4,0,40,26,1,2,0,0,0,0,16,3,17,0,0,111,2,0,0,3,10,4,2,48,24
ENSG00000252947,10,20,51,10,1,0,5,42,46,0,36,10,53,7,4,36,11,3,24,13,8,10,10,4,8,2,1,1,5,0,1,0,7,0,8,17,10,0,3,2,20,0,12,3,0,2,10,6,6,5,1,0,6,1,0,0,0
ENSG00000255750,18.88,0,17.03,6.44,4.04,35,0,0,23.41,19.31,2.42,15.2,1.27,1.71,4.79,0,3.56,2.68,6.28,0,0,10,11.8,3.41,24.45,43.62,10.03,34.53,61.13,139.42,59.07,0,10,2,130.51,1,16.98,54.14,0,16.32,3,20.31,0,11.07,9.98,19.08,6.14,40.43,27.65,63.49,47.66,33.71,11.23,6,43.45,0.46,246.1
ENSG00000256108,1,0,12,1,0,0,0,0,0,2,4,0,0,0,7,3,2,2,8,5,6,0,1,1,2,9,6,4,1,0,7,0,1,0,3,0,5,7,6,7,5,5,4,8,5,27,4,24,17,5,12,16,8,9,3,11,3
ENSG00000256234,6,0,0,0,7,0,0,0,0,0,0,5,0,0,2,0,0,0,2,0,1,0,5,2,12,22,0,23,7,37,17,0,1,0,11,0,0,0,0,0,1,5,0,21,3,19,1,6,3,14,22,23,6,5,8,4,105
ENSG00000259100,7,0,1,12,0,0,7,0,0,20,42,7,29,0,11,3.25,0,33,14,0,10,4,15,14.65,3,20,13,14,44,87,10,0,8,19,29,6,102,35,16,20.46,17.54,19,13.07,18,26,33,23.84,27,0,42.9,33,30,10.33,44.46,14,26,24.82
ENSG00000259277,0,0,0,0,0,0,0,0,0,0,0,0,0,0,2,3,0,0,0,0,0,0,0,1,0,1,0,0,0,0,4,4,0,0,4,0,0,0,0,0,0,6,0,3,2,7,4,5,3,5,3,5,4,0,1,0,4
ENSG00000259417,0,491,363,4,0,0,987,0,0,13,106,2,0,0,34,6,6,9,0,11,6,26,4,58,13,0,11,0,2,0,0,25,53,0,4,7,3,9,21,14,19,0,0,3,77,1,1,39,0,5,4,6,31,4,7,1,25
ENSG00000260092,4.1,2,1,0,0,0,3,0,0,0,0,0,0,0,5.56,10.5,0,0,0,0,5,0,0,0,0,0,0,0,60.63,16.09,4.77,0,2.07,0,1,8,0,6.93,10,5,12.8,0.58,0,18,0,10.21,8.42,20.16,4,0,38.24,10.47,1.77,0,15.39,11.66,25.41
ENSG00000260552,3.29,0,0,1.32,0,0,0,0,0,0,0,1.59,0,0,1.16,1.14,0.25,1.17,0,0,0,0,5.97,1.96,0,0,9.05,4,5.37,0,1.08,0,0,30,2.34,2,2.16,9.08,0,5.72,0,8.4,0,0,0,0,0,4.04,1.83,6.95,10.86,0,0,0,2.47,0,5.33
ENSG00000261804,9,0,0,6,2,0,0,0,0,0,0,4,45,0,8,31,0,20,7,22,1,18,0,9,3,41,37,36,104,44,17,0,2,0,4,12,9,31,68,22,14,33,17,12,10,38,25,54,16,31,21,64,19,21,16,23,43
ENSG00000269930,7.13,0,8.42,0,0,0,0,0,0,0,0,4.46,0,0,1,0,0.37,1,2.34,0,0,0,3.23,1.75,7.06,9.32,8.23,10.34,9.12,19.12,1.82,3.62,2.39,0,2.54,0,4.97,0,3.92,8.39,3.13,1.31,8,1.9,18.67,12.85,11.97,12.31,0.74,2.34,4.32,10.77,6.14,8.13,4.27,0,3.21
ENSG00000272235,0,0,0,1,0,0,0,0,0,0,0,3,0,0,0,0,0,2,0,5,50,2,1,0,1,47,0,14,0,0,4,0,0,0,1,0,0,12,0,2,0,171,0,1,26,5,3,8,2,14,0,9,19,17,9,27,9
ENSG00000273771,5,0,0,0,0,0,0,0,0,0,0,93,0,0,0,0,0,1,1,0,0,0,4,4,3,0,3,4,12,0,1,0,3,0,3,0,0,0,0,0,2,0,0,0,21,0,9,11,15,17,3,16,1,5,0,17,20
ENSG00000278920,0,74,6,0,0,0,0,0,0,0,0,3,0,0,3,7,1,3,17,6,4,0,3,4,6,40,7,0,4,0,0,0,19,0,3,0,4,21,29,18,14,6,16,5,130,44,3,1,30,11,4,15,3,7,4,0,3
ENSG00000285854,0,0,0,0,0,0,0,0,0,0,0,0,0,0,0,2.55,0,1.23,0,0,6.18,0,1.26,4.96,0,5.24,3.57,0,14.84,3.02,9.24,0,2.45,0,3.8,0,0,0,0,8.47,31.61,0,3.58,4.87,18.68,5.23,0,1,0,0,3.27,5,1,11.06,1.23,7.22,11.47
ENSG00000286407,6,0,0,1,9,0,0,0,0,0,0,4,0,0,0,2,3,0,11,1,3,0,3,2,4,22,0,6,9,29,2,37,0,0,1,0,1,0,0,0,2,2,19,0,1,0,4,15,1,20,20,8,2,36,13,6,33
ENSG00000286471,91,20,19,8,0,0,97,0,0,69,70,14,30,8,110,132,17,72,35,0,23,40,45,54,0,520,21,504,265,714,31,34,11,129,16,296,81,10,48,41,48,179,29,24,22,127,482,188,6,282,117,462,0,134,138,234,59
