Row.names,1,2,3,4,5,6,7,8,9,10,11,12,13,14,15,17,19,20,21,22,23,24,25,T05_3_044,T04_1_070,26,27,29,30,31,32,33,34,35,36,37,38,39,41,42,43,44,45,46,47,T01_1_016,T03_1_048,T03_2_045,T03_3_085,T04_2_044,T04_3_028,T05_1_034,T07_2_060,T08_1_161,T08_2_164,T08_3_020,T09_3_077,T10_1_291,T10_2_117,T11_1_015,T11_3_146
ENSG00000072062,1.122430742,0.861483467,1.626452189,1.547810545,1.665773012,0.636282395,0.682752458,0.150134048,1.619302949,1.558534406,1.226094727,1.011617516,1.987488829,1.579982127,0.832886506,1.025915996,0.761394102,1.0974084,1.551385165,0.990169794,1.569258266,0.90080429,2.201966041,1.983914209,1.08310992,0.493297587,0.825737265,1.862377122,1.394101877,0.36461126,0.750670241,1.708668454,0.893655049,1.537086685,0.822162645,1.218945487,0.17515639,0.639857015,0.757819482,1.186773905,0.686327078,0.428954424,0.679177837,1.336907954,0.932975871,1.294012511,0.818588025,0.525469169,0.647006256,0.657730116,1.697944593,1.304736372,1.215370867,1.215370867,0.965147453,1.000893655,1.376228776,1.143878463,1.218945487,0.993744415,1.229669348
ENSG00000077232,0.773942685,0.528521386,0.505608609,0.227091077,0.414212088,0.218435139,0.275462495,0.561872206,0.445526217,0.699972604,0.376278713,0.442980353,0.770559232,0.548379126,0.962336628,0.448581254,0.186102665,0.642321511,0.599550994,0.205451232,0.445526217,0.207233337,0.618644975,0.707750218,0.426941409,0.487787561,0.33681782,0.73496296,1.33021399,0.447053735,0.547106194,2.22152101,4.857254107,0.641812338,0.267061144,0.379588337,0.186866425,0.414721261,0.741355625,1.342263565,0.452934681,0.233710324,0.352602177,1.271149943,0.854901163,0.588603779,0.504335677,0.220981003,0.620172494,3.69277587,1.048896007,0.248730922,0.986776923,2.520660041,0.681018645,4.125827353,0.397060602,0.607443173,0.672617294,0.611992632,0.370423226
ENSG00000078549,0.046073513,0.011979113,0,0.004607351,0.293027542,0,0.013822054,0,0,1.46974506,0.047916453,0.734411795,0.039623221,0.058052626,0.137299068,0.166786117,0.00092147,0.006450292,0.082010853,0.009214703,0.010136173,0.162178765,0.111497901,0.056209686,0.027644108,0.329886352,5.599774752,0.046994983,0.844066755,0.033172929,0.00092147,2.140575407,2.011569571,0.046994983,0,0.031329989,0.14190642,0.117948193,0.014743524,0,1.388655677,0.018429405,0.025801167,0.147435241,0.137299068,0.00092147,0.012900584,0.24971844,0.579604792,1.062455206,0.425719259,0.009214703,0.447834545,3.732876011,3.036244497,3.435241118,0.009214703,3.04914508,5.202621071,0.890140268,0.778642367
ENSG00000078814,0.069902913,0.213820674,0.263163906,0.152141633,0.139805825,0.328954883,0.353626499,0,0,0.098686465,10.65402627,0.4564249,0.316619075,1.250028555,11.13923472,0.143917761,0.061679041,0.234380354,0.061679041,0.061679041,0.263163906,47.01065448,0.049343232,0.242604226,0.320731011,0.111022273,0.053455168,0.069902913,1.60776699,0.078126785,0.164477441,0.242604226,0.209708738,0.074014849,0.156253569,0.164477441,0.230268418,0.02055968,0.053455168,0.185037122,0.127470017,0.378298115,0.090462593,5.978754997,0.069902913,0.308395203,0.098686465,0.439977156,0.242604226,0.111022273,4.942547116,0.094574529,0.275499714,0.21793261,0.17681325,0.27961165,0.115134209,0.419417476,0.226156482,17.64431753,0.341290691
ENSG00000084676,1.264199859,0.697855291,1.550553853,1.32783408,1.646005185,1.049964648,0.632099929,1.022389819,1.769031346,1.353287768,1.656610889,1.966297431,1.38934716,1.938722602,0.899363658,0.84633514,0.825123733,1.302380391,1.102993165,1.217534763,0.96511902,0.680886165,1.100872025,2.721423521,0.907848221,0.661795899,0.988451567,1.408437426,1.959934009,0.761489512,0.566344568,1.213292482,0.772095216,1.077539477,0.375441904,1.066933773,0.30332312,1.20692906,0.381805326,1.291774688,0.526042894,0.680886165,0.933301909,1.323591798,2.197501768,0.823002593,0.93754419,0.36271506,0.873909969,0.632099929,1.296016969,0.882394532,1.032995522,1.310864954,0.979967004,1.629036059,1.72024511,0.803912326,0.869667688,1.071176055,1.077539477
ENSG00000085465,17.80776837,0.051261767,0.139545922,0.017087256,0.042718139,0.108219286,0.048413891,0,0,0,0.185111937,0.182264061,0.367375999,0,0.324657859,0.179416185,0,0.136698046,0.022783008,0.068349023,0.031326636,0.185111937,0.187959813,0.079740527,0.102523535,1.429633732,8.190491259,0.056957519,0.14808955,0.045566015,0.071196899,0.139545922,7.105450518,0.017087256,0.28193972,0.039870263,0.017087256,0.011391504,0,0.025630884,0.042718139,0.071196899,0.02847876,0.213590697,0.034174512,0.145241674,0.008543628,0.259156712,0.207894945,8.711652559,0.216438573,0.065501147,0.125306542,0.370223875,1.910924769,5.020805316,0.102523535,0.336049363,0.13385017,0.336049363,0.079740527
ENSG00000099822,0,0,3.140939597,2.899328859,16.67114094,37.20805369,0,0,0,9.906040268,6.040268456,0.483221477,0,3.140939597,3.140939597,0.483221477,0.724832215,0,0.966442953,1.44966443,1.208053691,0.483221477,0.724832215,1.44966443,0,0,0.241610738,0.966442953,0.724832215,0,0.724832215,0.724832215,0,0.483221477,0,0.241610738,0,0.241610738,0,1.208053691,1.932885906,0,0.483221477,1.932885906,0.724832215,0,1.44966443,3.624161074,1.691275168,0,0.724832215,0.483221477,3.624161074,1.208053691,0.241610738,0.724832215,3.865771812,1.691275168,0.241610738,2.657718121,3.140939597
ENSG00000100823,2.527851875,0.437784403,1.191903342,0.943354778,0.999843088,0.830378158,1.285109054,1.90930488,1.988388514,1.508237879,1.703122548,1.906480464,1.816099168,2.3866311,0.895339714,1.191903342,0.497097129,1.112819708,1.674878393,2.318845128,0.884042052,0.912286207,1.330299702,1.48846697,0.482975051,0.773889848,0.78518751,2.335791621,1.751137612,0.463204142,0.838851404,1.214498666,0.53381453,1.804801506,0.384120508,0.971598933,0.146869606,0.838851404,0.59030284,0.886866468,1.121292955,1.135415032,0.754118939,2.042052409,1.064804645,0.725874784,1.957319944,0.45190648,0.734348031,0.386944924,0.968774517,1.177781265,1.013965166,1.231445159,1.20602542,0.946179193,1.367017103,1.01114075,0.934881531,0.717401538,0.731523615
ENSG00000107223,2.710603829,0.61634757,2.438880707,2.863033873,1.564064801,0.304860088,1.159793814,0.815169367,3.220913108,1.597201767,3.260677467,1.285714286,1.292341679,1.173048601,0.656111929,2.047864507,0.675994109,1.749631811,1.431516937,1.62371134,0.795287187,1.398379971,1.822533137,1.517673049,1.199558174,0.894698085,0.835051546,1.656848306,1.835787923,0.503681885,0.503681885,1.411634757,0.629602356,1.882179676,0.503681885,1.226067747,0.053019146,1.000736377,0.324742268,1.683357879,1.351988218,0.881443299,0.762150221,2.763622975,0.669366716,1.120029455,0.444035346,0.404270987,0.980854197,0.457290133,1.060382916,1.318851252,1.285714286,1.02724595,0.748895434,0.530191458,1.159793814,1.199558174,0.782032401,1.219440353,0.888070692
ENSG00000108107,1.54642476,0.614727855,1.14941302,2.875133404,1.823906083,1.071504803,1.256136606,0.940234792,0.648879402,1.641408751,1.266808965,0.678762006,1.886872999,1.562433298,0.840981857,0.921024546,0.77588047,1.457844184,1.099252935,1.840981857,1.145144077,0.740661686,1.348986126,1.202774813,0.921024546,0.540021345,0.750266809,1.955176094,2.65208111,0.671291355,0.779082177,1.296691569,0.680896478,1.254002134,0.623265742,1.143009605,0.168623266,0.790821772,0.399146211,1.130202775,0.661686233,0.892209178,0.4226254,1.83244397,0.661686233,1.097118463,0.605122732,0.363927428,0.591248666,0.311632871,1.073639274,1.334044824,1.124866596,1.127001067,1.132337247,0.85058698,2.805763074,1.282817503,0.709711846,0.947705443,1.337246531
ENSG00000108298,2.566273112,0.405201018,1.736173805,2.213598152,1.696779262,0.878873504,1.167766822,0.566531053,0.704411954,2.036322707,2.918010107,1.337538545,2.026943054,1.429459146,0.832913203,1.443528626,0.736302775,1.946278036,1.433211007,3.039945598,0.882625365,0.903260602,1.82528051,1.607672556,0.568406983,0.512129064,0.727861087,1.858109296,2.734140765,0.309528555,0.859176232,1.383498845,0.57309681,3.069022523,0.395821365,1.097419423,0.159463484,1.100233319,0.873245712,1.130248209,1.085225874,0.791642729,0.495245688,2.160134129,0.532764301,0.82353355,0.622808972,0.251365326,0.648134035,0.306714659,1.522317712,0.88167802,0.812277966,1.026134059,0.990491377,0.624684902,2.33834754,0.756938012,0.884501296,0.808526105,0.85353906
ENSG00000109063,0.677540778,1.174404015,1.445420326,5.465495609,1.626097867,2.710163112,1.264742785,9.892095358,0,0.767879548,1.761606023,3.703889586,0.496863237,0.225846926,1.716436637,2.664993726,0.406524467,2.122961104,2.25846926,1.671267252,2.25846926,2.032622334,0.587202008,3.252195734,1.309912171,1.987452949,0.316185696,1.084065245,0.496863237,0.677540778,0.361355082,1.2195734,0.406524467,0.722710163,0.406524467,1.355081556,0,0.993726474,0.225846926,0.632371393,1.309912171,0.767879548,0.632371393,2.710163112,0.271016311,0.316185696,0,0.271016311,0.361355082,0.180677541,1.580928482,1.400250941,0.677540778,2.484316186,1.716436637,0.496863237,1.716436637,1.671267252,1.897114178,3.161856964,1.490589711
ENSG00000111218,0.6328125,0,0,0,0,0,0,0,0,0,0.2109375,0.3515625,0,0,0.2109375,0.140625,0,0,0.0703125,0.0703125,0,0,0,0,0.0703125,0,0.421875,0.140625,0,0,4.8515625,1.40625,0,0.0703125,0,0.421875,0,0.0703125,0,0,0.3515625,0,0,16.171875,0.0703125,0,0,3.4453125,0,2.25,0.703125,0,0.28125,0.9140625,0.140625,1.3359375,0,1.8984375,0,0,1.0546875
ENSG00000112038,0.232258065,0,0,0,0,4.722580645,0,0,0,0,0,0,0,0.15483871,0,0.077419355,1.083870968,0.15483871,0.232258065,0,0.077419355,0,0,0.232258065,0.309677419,1.703225806,12.15483871,0.15483871,0,0.077419355,0.541935484,0.232258065,3.019354839,0,0,0.077419355,0,0,1.238709677,0,0,0,0,0.15483871,0.464516129,0,0.077419355,9.909677419,0.15483871,2.24516129,0.309677419,0.077419355,0.541935484,0.387096774,0.077419355,1.238709677,0,0.464516129,0.15483871,0.232258065,0.309677419
ENSG00000113360,1.466359254,0.616223014,1.038775938,1.775728359,1.252567596,1.798365123,0.905470551,1.300356319,0.455250472,1.40599455,1.775728359,1.265143576,1.898972962,1.43114651,1.156990149,1.003563194,0.63131419,1.036260742,1.564451897,1.539299937,0.983441626,1.546845525,1.202263676,0.980926431,0.882833787,0.664011738,0.792286732,1.926640117,2.019702368,0.505554391,0.475372039,1.333053867,0.61873821,1.245022008,0.646405366,1.883881786,0.130790191,1.2500524,0.41249214,0.910500943,0.689163697,0.948228883,0.671557326,1.871305806,1.260113184,0.913016139,1.416055334,0.865227416,0.729406833,0.616223014,1.335569063,0.877803396,1.131838189,1.187172501,1.041291134,1.209809264,1.109201425,0.890379375,0.882833787,0.83756026,0.701739677
ENSG00000114391,2.361156332,0.584377747,2.163531939,2.579031273,1.471078087,0.930613118,0.906967776,0.989726474,0.871499762,2.35440052,2.421958641,1.422554466,2.499650481,1.638284437,1.129909575,1.705825668,0.819142218,2.107779599,1.724404151,3.173542738,0.822520124,0.731316661,1.732865806,2.226006311,0.364813854,0.444194646,0.678959117,2.048700022,2.871220147,0.56917717,1.10457528,1.51662915,0.999860192,1.8409588,0.842787561,0.756650956,0.550649356,1.253203146,1.175561976,1.089391592,0.677270164,0.947502648,0.425616163,2.018281978,1.043772971,0.940746836,0.716116084,0.283727219,0.50661835,0.439127787,1.612950141,0.982970662,0.690781788,1.040395065,0.900211964,0.717805037,1.602816423,0.712738178,0.891767198,0.390148149,0.716116084
ENSG00000123243,1.710269426,0.154627099,0.084342054,0.224912144,0.632565404,0,0.121827411,0.871534557,0.089027724,0.393596251,0.234283483,1.119875049,0.740335806,0.482623975,0.210855135,0.00468567,0.154627099,0.243654822,0.445138618,0.224912144,0.14057009,0.042171027,0.318625537,0.065599375,0.27176884,2.314720812,2.263178446,0.646622413,0.074970715,2.324092152,0.00468567,0.089027724,1.79461148,0.121827411,0.098399063,0.163998438,0.955876611,0.351425225,0.014057009,0.679422101,2.792659118,0.060913706,0.295197189,0.182741117,0.089027724,0.070285045,0.993361968,1.274502148,0.337368216,3.064427958,1.349472862,0.267083171,0.084342054,4.062475595,2.005466615,1.611870363,0.852791878,3.622022647,0.393596251,0.295197189,0.398281921
ENSG00000125844,2.454347931,0.490174304,2.444787794,2.817633142,1.687798754,2.056298585,1.278451065,1.208922795,2.14755444,1.106368596,3.085316981,0.969919367,0.889961856,0.811742552,0.461493892,1.998068659,0.461493892,1.545265801,0.957751919,2.185794988,0.811742552,1.876394187,1.603495727,1.610448554,1.208053691,0.445850031,1.297571339,1.865095843,1.830331708,0.361547004,0.351117764,1.811211434,0.647482014,1.402732847,0.49451982,1.699097098,0.777847521,1.011636329,0.493650717,0.746559799,0.521462025,0.732654145,0.96557385,3.570276665,0.892569166,1.210661001,0.859543238,0.460624789,0.810004346,0.532760369,0.799575105,0.982086814,1.042054947,0.980348607,0.876056202,0.689198976,0.678769736,0.872579789,0.874317995,1.195886244,1.216744725
ENSG00000126838,0.051769883,0,0.168252119,0.116482236,0,0,0,0,0,0,0,0.207079531,0.194137061,0,0.207079531,0.038827412,0,0.038827412,0,0,0.051769883,0.025884941,2.290817317,0.258978839,0.103539766,0.220022002,4.623827089,0.122824047,0.871545978,0.051769883,0.064712354,6.406523005,5.629974762,0.012942471,0,0.025884941,0.168252119,0.103539766,0.245906944,0.427101534,0.103539766,0,0.025884941,0.336504239,0.051769883,0.129424707,0.465928946,0.297676827,0.232964473,5.607584288,0.958260532,0.142367178,0.168252119,4.207726655,0.232964473,1.98019802,1.113052482,0.090597295,0.142367178,0.414547337,0.323561768
ENSG00000127554,1.383948003,0.712831374,1.435653253,2.308332725,0.67637479,3.663185569,1.135762799,1.717665961,0.987657927,1.557642591,1.657722924,0.810808442,2.922135398,3.772380048,0.619236106,1.834397137,0.59802819,1.423559483,0.623267363,2.487460746,1.261783393,0.77014533,1.17379683,1.642649529,1.038136274,0.262908055,0.689344921,1.4284671,1.450376105,0.350544074,0.502680202,1.011319652,0.362112028,1.835098225,0.227853648,0.830088366,0,0.318644563,0.442386621,1.110348353,0.523537574,0.605039071,0.708975389,2.37248229,1.291404367,1.753421456,0.906506974,0.76418608,0.380866136,0.598554006,1.149258745,1.927992405,2.16163003,1.413919521,1.618461988,0.978368509,1.561323304,1.395340685,1.042693347,0.458511648,1.565354561
ENSG00000128567,0.87497474,0.113668512,0.204239583,0.510871762,1.058844926,0.259164208,0.405569252,0.586165784,0.139312129,0.838964556,0.362829891,0.515236633,0.561249646,0.287899608,0.348280322,0.112759164,0.160772744,0.547245686,0.217697935,0.257345512,0.256072425,0.152224872,0.088934244,0.964272724,0.38756416,0.550701208,0.801681284,1.225801237,1.856343208,0.080750111,0.300812351,4.421432324,2.160611082,0.248979509,0.199147234,0.177504749,0.146405044,0.149314958,0.030735966,0.113850382,0.335549448,0.241704725,0.266984602,0.539607162,1.010831346,0.136402215,0.428848563,0.283716607,1.256355333,1.226164976,0.508143717,0.304449743,3.279836721,5.190740816,1.453320131,1.402032898,0.175322313,1.059936144,0.971183769,1.864527341,1.600270784
ENSG00000130255,1.760868512,0.469887884,2.133872296,3.415164515,1.990968249,0.881645307,1.201362836,0.692721313,0.770228593,2.337328905,2.824171506,1.010016739,2.422102493,1.789933742,0.784761208,1.843219997,1.007594637,1.886817842,1.184408119,2.589227565,0.559505676,1.179563914,1.305513244,1.61312026,0.377847989,0.503797318,0.639435058,1.605853953,3.490249692,0.503797318,1.097212429,1.701284791,0.697565518,1.249804886,0.712098133,0.993062022,0.557083573,0.541727443,0.852580077,1.559979331,0.576460393,0.901022127,0.595837213,2.354283623,0.481998396,1.240116476,0.423867936,0.428712141,0.460199474,0.331828041,0.954308382,1.102056634,1.087524019,1.000328329,0.944619972,0.811404335,1.734225385,1.128699762,0.724208645,1.126277659,0.886489512
ENSG00000134216,28.83495146,0,0,0,0,0,0,0,0,0,0,0,0,0,0.174757282,0,0,0.349514563,0.349514563,0,0.349514563,0,0,0,0,0.349514563,3.669902913,0,0,0.524271845,0,0,0,0.174757282,0,1.048543689,4.368932039,0,0,0,0,0,0.174757282,0,0.174757282,1.922330097,0,3.145631068,0,5.417475728,1.048543689,0,2.27184466,6.815533981,0.349514563,1.048543689,0,0.349514563,2.796116505,0,0.349514563
ENSG00000136942,1.808591898,0.454321763,1.521651838,1.710771423,2.456380824,0.917338679,1.376008019,1.093415535,1.228190412,2.488987649,2.267261238,1.093415535,1.628167466,1.593386853,0.793432744,1.271644441,0.823865781,1.932497834,1.132543725,2.39551475,0.934728986,0.721697729,1.471654706,1.336879829,0.671700597,0.439105245,0.53692572,2.262913661,2.321605947,0.473885858,0.743435612,1.197757375,0.44562661,1.241233142,0.797780321,0.658657867,0.460843128,0.671700597,0.52388299,1.506435319,1.089067958,0.936902774,0.504318895,1.628167466,0.867341547,0.967335811,1.478176071,0.332589616,0.569532545,0.291287637,1.439026143,1.32166331,1.11297963,1.197735637,1.169498127,0.806475474,2.26508745,1.171671915,0.717350152,0.72815388,1.123848571
ENSG00000139163,0.711478086,0.579806606,0.66570388,0.60523672,0.75386161,0.687178199,0.569069446,0.573590355,0.359412282,0.693959563,0.579241492,0.814893884,0.896835364,0.804156725,0.857842522,0.586587969,0.614278538,0.621625016,0.737473314,0.424400352,0.479216376,0.517644104,0.940349115,1.143224915,0.600150697,0.753296496,0.784942861,0.891184227,0.791159111,0.969169911,1.442170036,1.126836619,0.929611955,0.921700364,0.534597513,0.544769559,0.25543137,0.644794675,0.59449956,0.666268994,0.394449328,0.414228306,0.456046716,0.886098204,0.778161497,1.274896396,1.271505714,0.533467286,1.165829461,1.596446063,2.717631546,0.973125706,1.586274017,1.78180334,1.396960944,1.649566746,1.160743438,1.198606053,0.800766043,1.131357529,0.981602411
ENSG00000143369,17.17600631,0.284135754,1.051302289,1.250197316,2.187845304,0,0.198895028,2.471981058,2.883977901,3.054459353,1.093922652,0.866614049,0,5.185477506,5.10023678,0.411996843,7.55801105,0.724546172,1.16495659,0.312549329,0.752959747,2.116811365,1.193370166,4.659826361,0.752959747,0.042620363,0.241515391,3.793212313,1.16495659,0.440410418,0.113654301,0.55406472,0.056827151,1.548539858,0.028413575,1.321231255,0,0.440410418,0.255722178,0.681925809,0.895027624,0.284135754,0.355169692,2.116811365,0.127861089,0.099447514,0.55406472,1.562746646,0.895027624,0.326756117,1.960536701,2.287292818,0.426203631,1.16495659,0.426203631,3.040252565,0.383583268,2.102604578,0.582478295,1.932123125,3.793212313
ENSG00000143436,1.132741442,0.332124948,1.807150455,2.039540235,2.617926064,0.879154275,2.10020188,0.664249897,0.93776456,1.123363796,1.572709315,0.693555039,1.641087981,2.823062062,1.06319057,2.06044457,1.113595415,1.235114073,1.338268175,2.832830443,0.707914559,1.582477696,1.094058654,1.839288428,0.732628563,0.478650661,0.340232705,2.56908416,1.494562268,0.312588187,0.527492565,0.840080752,0.283283044,3.204028914,0.801007229,1.357804936,0,0.908459418,0.838908546,1.523867411,0.791238848,0.879154275,1.041016346,1.836455597,1.649000369,1.28942627,1.435951983,0.527492565,0.726279115,0.362211561,1.559619684,0.781470467,0.857175418,0.90953394,0.840569171,0.602122995,1.532561269,0.56402631,0.93776456,0.888922656,0.507955804
ENSG00000144713,1.724036784,0.582134638,1.031741719,2.813552537,1.511182863,0.660247018,1.210249426,0.836170341,0.672613338,2.068652206,1.779074906,1.558349979,2.12642624,1.705584112,1.191022282,1.176551414,0.885576695,2.132445246,1.119088853,2.444886347,1.156743414,0.76192191,1.395037103,2.377507159,0.606690496,0.645043768,0.764295839,1.632699428,2.687001895,0.588886026,1.35729836,1.713623483,0.821648964,0.992529792,0.373254103,0.447014279,0.175527668,0.778034325,0.61387963,1.294826976,0.622988111,0.695519232,0.491386555,1.815845558,1.095703122,0.967839243,1.012851302,0.316001996,0.67321103,0.305386659,1.242162783,0.934957794,1.049664044,1.290424263,1.123213765,0.996814651,2.49592583,1.200972581,0.567352297,0.970238427,1.245976222
ENSG00000145198,0.569832402,0,0.008379888,0.05027933,0,0,0,0.318435754,0.033519553,0,0.167597765,0.19273743,0.24301676,0,0.963687151,0.041899441,0.041899441,0.025139665,0.041899441,0.670391061,0.008379888,0.561452514,0.377094972,0.058659218,0.092178771,0,5.086592179,0.209497207,0.938547486,0,0.008379888,0.301675978,1.164804469,0.016759777,6.988826816,0.100558659,0,0.05027933,0.008379888,0.24301676,0.117318436,1.432960894,0,0.201117318,5.044692737,0.075418994,0.041899441,0.209497207,0.87150838,3,1.391061453,0.142458101,0.43575419,2.220670391,1.340782123,1.893854749,0.05027933,0.812849162,0.293296089,0.251396648,1.055865922
ENSG00000145734,1.724035417,0.891100627,1.158663478,1.288954954,1.230789117,1.219155949,1.536741421,1.484392167,0.347831707,1.432042913,1.473922316,1.38318361,1.423899696,1.463452466,1.156336845,1.665869579,0.859691075,0.941123247,1.601887158,3.484133652,1.322691139,1.998578168,0.905060428,0.827118206,0.554902088,0.559555354,0.88295741,1.193562981,1.181929813,0.828281523,0.663090545,1.67982938,0.585148323,1.109804175,1.041168487,0.952756414,0.265236218,1.621663543,0.637497576,1.411103212,0.421120662,1.325017773,0.973696116,2.036967621,0.9795127,1.113294125,1.114457442,0.580495056,0.729399599,0.795708654,1.37969366,0.737542817,1.114457442,1.035351903,1.244748917,0.820138305,1.070251406,1.065598139,0.753829251,1.387836877,0.707296581
ENSG00000151320,1.384811923,0.045990064,0.015330021,0.178850248,0.889141235,0.127750177,0.245280341,0.143080199,0,0.59787083,0.12264017,0.628530873,0.802271114,0.521220724,0.367920511,0.904471256,0.117530163,0.296380412,0.357700497,0.47523066,0.189070263,0.31682044,0.408800568,0.618310859,0.250390348,0.347480483,1.630092264,0.577430802,1.752732434,0.127750177,0.240170334,2.912704045,2.05933286,0.47523066,0,0.853371185,0.505890703,0.250390348,0.306600426,3.117104329,0.556990774,0.086870121,0.127750177,0.546770759,0.628530873,0.843151171,0.301490419,0.628530873,0.623420866,5.038466998,1.844712562,0.061320085,0.500780696,1.277501774,0.725621008,1.374591909,0.444570617,0.536550745,0.700070972,3.249964514,0.746061036
ENSG00000153339,0.945472904,0.650466992,0.843693951,0.466805723,0.593072845,0.311841528,0.56628891,0.496210658,0.246794829,0.763973482,0.617943642,0.633248748,0.654293268,0.713600553,0.701337337,0.647405971,0.602638536,0.833248216,0.983238252,0.68490348,0.606962229,0.343676148,1.071873945,1.095596859,0.799691772,0.857085919,0.635161886,1.281745207,1.385112065,0.640901301,0.317580943,1.149222123,0.601949807,0.887313502,1.100054471,0.811763674,0.340328156,0.464892585,0.420890406,0.862825333,0.459153171,1.044898697,0.688289734,0.705278401,1.161561865,1.383198927,1.226952929,0.69335955,0.750141493,0.971568109,1.312852835,1.276063187,1.555037001,1.818973548,1.847747147,1.237934342,1.933379213,1.203536117,1.085457227,0.90874065,0.979048479
ENSG00000153993,0.797383678,0,0.005351568,0.139140776,0,0,0.090976661,0.374609781,0.208711164,0.026757842,0.042812546,0.358555077,0,0.037460978,0.246172142,0.042812546,0.090976661,0.037460978,1.632228334,0.540508399,0.03210941,0,0.240820574,0.053515683,0.246172142,0.28363312,2.295822804,0.647539765,2.440315148,0.069570388,0.272929984,0.952579159,1.835587929,0.128437639,0,0.299687825,0.128437639,0.390664486,1.402110896,0.026757842,0.053515683,0.058867251,0,0.010703137,0.016054705,0,0.06421882,0.390664486,0.636836629,11.45235618,1.530548536,0.454883306,0.899063476,2.814924929,0.342500372,1.557306377,0.685000743,0.647539765,2.279768099,0.123086071,0.808086814
ENSG00000156218,0.294332118,0.214782897,0.059661916,0.246602585,0.326151806,0,0,0.823334438,0.055684455,0.103413987,0.071594299,0.560822009,0.278422274,0.385813722,0.119323832,0.409678489,0.011932383,0.385813722,0.007954922,0.357971495,0.429565794,0.230692741,0.194895592,0.11136891,0.568776931,0.552867087,0.616506463,0.119323832,0.334106729,0.409678489,0.035797149,0.743785217,1.670533643,0.218760358,0.202850514,0.361948956,0.608551541,0.298309579,6.03778588,0.135233676,0.218760358,0.234670202,0.007954922,0.123301293,0.369903878,0,0.015909844,0.369903878,0.60457408,0.083526682,1.368246603,0,0.079549221,16.08087504,1.280742459,0.361948956,0.346039112,0.274444813,1.455750746,0.318196884,0.059661916
ENSG00000164972,0.544938505,0,0,0.136234626,0.238410596,0,0,0,0,0,0,0.034058657,1.08987701,0,0,0.272469253,0,0.10217597,0.068117313,0,0,0.068117313,7.663197729,0,0,0.851466414,0.238410596,0.068117313,0.306527909,0,0,1.260170293,0.204351939,0.034058657,0,0,0,0.034058657,0.340586566,0.068117313,0,0,0,0.170293283,0.953642384,0.238410596,0,0.034058657,0.987701041,2.179754021,6.198675497,0,2.929044465,6.743614002,5.687795648,1.39640492,0.204351939,2.247871334,1.123935667,0.544938505,0.953642384
ENSG00000165923,0.47629548,0.2646086,0.03969129,0.06615215,0,0,0.03969129,0.01323043,0.02646086,0,0.19845645,0.51598677,0.18522602,0,0.15876516,0.15876516,0.15876516,0.11907387,0.31753032,0,0.42337376,0.55567806,2.249173098,0.47629548,0.14553473,1.481808159,1.442116869,0.05292172,1.468577729,0.780595369,0,1.389195149,2.143329658,0.15876516,0.2646086,0.22491731,0.1323043,0.1323043,0.25137817,0.10584344,0.1323043,0.18522602,0.03969129,0.10584344,0.859977949,0.47629548,0.23814774,0.43660419,0.50275634,4.180815877,1.839029768,0.14553473,1.389195149,4.022050717,3.439911797,1.984564498,0.714443219,2.579933848,1.177508269,0.56890849,0.952590959
ENSG00000166823,0.303764604,0.498485504,0.11683254,0.03894418,0.319342276,0,0.210298572,0,0.007788836,0.3894418,0.093466032,0.015577672,0,0,0.264820424,0.303764604,0.288186932,0.046733016,0.07788836,0.264820424,0.062310688,0.101254868,1.269580268,0.179143228,0.163565556,0.958026828,1.425356988,0.615318044,0.132410212,0,1.5577672,1.549978364,0,0.11683254,0.475118996,0.054521852,0,0.101254868,0.03894418,0.015577672,0.27260926,0.35049762,0.35049762,0.062310688,5.031588057,1.28515794,0.007788836,0.11683254,2.282128949,1.526611856,0.202509736,0,7.080051926,0.981393336,3.403721333,0.147987884,0.334919948,1.954997836,3.029857205,0.085677196,0.451752488
ENSG00000169436,0.292921074,0.497965826,0.556550041,94.61350692,0.732302685,0,0.11716843,0,0,0.67371847,0.205044752,5.799837266,0,0.878763222,0.439381611,0.058584215,0.11716843,0,0.029292107,0.292921074,14.41171684,0.146460537,0.234336859,0,28.06183889,0.380797396,0.11716843,0.380797396,0,0,0,0,0.175752644,18.13181448,0.468673718,2.606997559,0,1.142392189,0,0.380797396,0.410089504,0,0,0,0,0.966639544,0.410089504,0.849471115,0.029292107,0.527257933,1.200976404,2.109031733,0.087876322,1.054515867,0.205044752,0.7908869,1.376729048,0.351505289,0.644426363,0.7908869,0.410089504
ENSG00000169856,0,0,0,0,0,0,0,0,0,0,0,0.010291595,0,0.77186964,0.030874786,0.010291595,0,0.02058319,0,0.010291595,0,0.072041166,0.041166381,0.102915952,0,0,0.205831904,0.092624357,19.0806175,0,0,0,0.401372213,0,0.030874786,0,5.361921098,0,0.133790738,0.627787307,0,0,8.439108062,0.072041166,0.030874786,0,0.082332762,0.391080617,0.133790738,0.154373928,0.082332762,0,0.010291595,0.102915952,0,0,0,0.051457976,0.226415094,0.23670669,0.051457976
ENSG00000171490,2.499161074,0.508389262,1.26090604,2.843959732,1.180369128,1.29614094,1.21057047,0.568791946,1.019295302,2.038590604,2.516778523,1.225671141,2.406040268,1.766778523,0.790268456,1.711409396,0.863255034,1.829697987,1.731543624,3.032718121,1.099832215,0.727348993,1.220637584,1.069630872,0.59647651,0.465604027,0.644295302,1.958053691,2.559563758,0.598993289,0.943791946,1.437080537,0.51090604,2.159395973,0.430369128,1.160234899,0.581375839,0.898489933,0.780201342,1.29614094,0.651845638,0.822986577,0.42533557,2.18204698,0.951342282,1.109899329,0.833053691,0.478187919,0.737416107,0.473154362,1.200503356,1.021812081,0.689597315,1.348993289,1.05704698,0.883389262,1.343959732,1.029362416,0.646812081,0.785234899,0.90352349
ENSG00000174123,0.029850746,0,0.268656716,0.149253731,0,0,0,6.388059701,0.955223881,0,0,0.417910448,0.537313433,0,0.089552239,0.029850746,0,0.23880597,0.029850746,0.208955224,0.089552239,0,0.059701493,0.179104478,0.686567164,0.865671642,0.47761194,1.044776119,0.089552239,0.537313433,0,0.149253731,0.447761194,0.597014925,0,0.089552239,0,6.567164179,0,0.089552239,0,0,0.388059701,0.059701493,0.23880597,0,0.268656716,0.507462687,0.059701493,0.179104478,0.358208955,0,1.492537313,2.029850746,0.776119403,0.328358209,15.40298507,0.179104478,0.089552239,0.567164179,2.119402985
ENSG00000176046,0.437076815,2.622460892,15.99533038,1.554984824,0.941396218,3.168806911,3.303292085,0.369834228,1.756712585,0.428671492,4.866682232,0.554751343,0.151295821,1.773523231,0.277375671,0.361428905,0.344618258,6.295587205,0.487508756,0.529535372,0.6472099,1.529768854,1.151529302,1.277609152,2.588839598,0.042026617,0.529535372,1.52136353,1.328041093,0.420266169,1.302825123,1.37006771,0.294186318,1.529768854,0.310996965,0.840532337,0.151295821,0.554751343,0.899369601,0.260565025,0.67242587,4.740602382,1.966845669,1.52136353,0.74807378,2.740135419,0.521130049,0.453887462,1.059070745,0.176511791,1.672659351,1.529768854,1.252393182,0.706047163,0.395050198,0.689236516,1.277609152,0.706047163,0.815316367,0.445482139,0.554751343
ENSG00000176659,0,0,0,14.76718404,0,0,0,0,0,0,0,0,0,0,0,0.079822616,0.558758315,0.079822616,0.079822616,0,0.079822616,0.079822616,0.558758315,1.915742794,1.436807095,5.348115299,1.197339246,0.399113082,0.558758315,0,0.239467849,2.953436807,0,0.239467849,0,0.239467849,0,0.239467849,0.399113082,0,2.713968958,0,0.079822616,0.239467849,2.953436807,1.11751663,0.159645233,2.474501109,0.798226164,1.596452328,0.478935698,0.079822616,1.197339246,0.638580931,1.11751663,0.319290466,2.953436807,0.87804878,2.634146341,1.596452328,0.159645233
ENSG00000177992,0.590163934,0,0,0,0,0,0,0,0,0,0.68852459,0.68852459,0,0,0.491803279,0.393442623,0.098360656,0.590163934,0.196721311,0,0,0,0,0,0.098360656,0,3.836065574,0.098360656,1.180327869,0,0.098360656,4.819672131,0.885245902,0,0,0,0,0,0,1.081967213,1.672131148,0,0,1.967213115,0.393442623,0,0.786885246,3.147540984,0.196721311,3.93442623,0.393442623,0.590163934,0.295081967,1.081967213,1.37704918,2.557377049,0.393442623,3.93442623,0.196721311,0,1.081967213
ENSG00000182253,0.253867748,0.696346021,1.805416249,6.43817486,2.208861221,2.184957106,1.776569933,3.277990396,2.288743325,1.57343539,3.121151163,0.649647266,1.119559797,0.221894734,1.606618739,0.82605358,1.038870802,5.688674963,0.45357301,0.717930327,0.453976455,1.382505057,0.831399226,4.677440142,1.759625244,0,0.252153107,1.543177017,1.095554821,0.42361722,0.827062192,1.099387548,0.383272723,0.897665062,0.796803819,1.468337975,0.151291864,0.774513485,0.119117128,1.069129175,1.059043051,0.887578938,1.131663146,2.595664087,1.48982142,1.573031945,0.919854536,0.962317119,0.69866583,0.229055883,3.811243787,0.433703345,1.359004387,0.638249945,0.320839614,0.988036736,1.489619697,0.526293966,1.407518645,1.886105243,0.691605543
ENSG00000188505,0.084705882,0.423529412,0,72,6.183529412,12.96,0.169411765,0,0,7.538823529,0,0,0.508235294,0,2.202352941,0,36.50823529,0,4.235294118,0.762352941,0.254117647,0.592941176,5.336470588,0.254117647,1.101176471,0,0.084705882,0.169411765,1.863529412,3.303529412,0,0,0,3.557647059,0,1.101176471,0,0.338823529,0,0,3.472941176,0.254117647,0.169411765,0.508235294,0.169411765,0.338823529,0.508235294,3.642352941,1.524705882,0,0.254117647,1.270588235,0.254117647,0,2.88,1.524705882,4.404705882,1.270588235,2.287058824,0,0.847058824
ENSG00000189423,0.559849439,0.594114975,0.133544285,0.222135196,0.620915135,0.370583378,0.583373428,0.073445329,0.154087494,0.492875893,0.1610695,0.258710164,0.202854119,0.073203644,1.201683738,0.551873841,0.258737018,0.192837626,0.23993931,0.254064445,0.133705409,1.127056838,0.802527844,0.303368146,0.569275147,0.629535227,2.113104016,0.423592913,1.107453515,0.290182897,0.589120155,2.426005286,1.110649125,0.757601323,0.365427435,0.479126712,0.185748205,0.735983959,1.712981384,0.439597819,0.215233752,0.17814856,0.263946668,0.782897667,0.592906551,0.192139425,0.246894462,0.414220913,0.974392599,4.095832503,0.901967717,0.783971821,1.398683713,4.087910612,0.921221941,2.045835077,0.129086543,1.000628828,0.443679607,1.658092077,1.306198992
ENSG00000197826,0.701298701,0,0,0,0,0,0,0,0,0,0.623376623,0.155844156,0,0,0,0.155844156,0,0,0,0,0,0.311688312,9.584415584,0,0,2.805194805,0,0,0,0,0,0,1.714285714,0,0,0.077922078,0,0.233766234,4.12987013,0,0,0,0,0,0.857142857,0,0,1.168831169,0.935064935,9.428571429,2.415584416,0,0.623376623,5.142857143,3.272727273,0.857142857,0,1.246753247,0.779220779,0,0.311688312
ENSG00000197888,24.43021314,0,0,0,0,0,0,0,0,0,0,0.353599843,0,0,0.050514263,0.101028527,0,0,0,0,0.15154279,0,0,0.050514263,0,1.262856582,0,0,0,0,0,1.304278277,0.101028527,1.363885108,0,2.945486691,0,0.050514263,0,0,0,0,0,0,0.30308558,0,0.15154279,0,0.15154279,0,0.30308558,0.050514263,0.656685422,13.2978798,6.304180055,0,1.854378604,0.30308558,5.393913031,0,0.202057053
ENSG00000198074,0.107068769,1.793401887,0.053534385,0,0.695947001,49.49253865,0,0,0,2.51611608,0,0,0,0,0.133835962,0,8.479846535,0,0.321206308,0.160603154,0,0.240904731,0.883317347,3.292364658,25.68874217,0,0.401507885,0.481809462,0,0.428275078,0.026767192,0.722714193,0,0,0,0.107068769,0,0,0,0.160603154,0.053534385,0,0.374740693,0,0.026767192,0,18.46748901,0.240904731,0.133835962,0.3479735,0.107068769,0.80301577,2.676719234,0.053534385,0.615645424,0.080301577,0,0.080301577,9.341750128,0.080301577,0.187370346
ENSG00000198881,1.206703911,0,0,0,0,0,0,0,0,0,0,0,0,0,0.603351955,0.603351955,0,0,0.603351955,0,0,0,0.804469274,0.201117318,0,0,2.011173184,1.810055866,0.603351955,0.804469274,3.418994413,0.402234637,0,0,0,0,4.022346369,0,0,7.843575419,0,0,0,2.413407821,0.201117318,0,0,0.201117318,1.407821229,0.603351955,1.206703911,0,0.804469274,1.005586592,0,1.005586592,0.603351955,0.402234637,1.206703911,1.810055866,2.212290503
ENSG00000199347,1.319987989,6.605945351,28.43318987,5.643879492,1.201080973,0.840756681,0.837153438,3.242918627,49.60464418,2.402161946,8.161345211,2.039435492,5.284756281,6.365729156,1.307977179,15.73175858,14.64718246,0,9.486137524,2.155940346,1.318786908,0.35792213,2.161945751,0.218596737,0.060054049,1.677910119,1.45691122,0,0.350715644,0.600540486,3.959963968,1.310379341,0.960864778,0.480432389,0.960864778,0.359123211,0.472024822,4.918426584,5.76518867,1.080972876,0.240216195,0.240216195,0,5.640276249,0.960864778,1.664698228,0,0,0.118907016,0.562105895,0.593334001,0,0.237814033,0.117705935,0.109298369,0,0.344710239,0.236612952,0.578921029,0,0
ENSG00000199568,1.280378894,6.118261134,12.64940216,1.87391388,0.547928035,0.515696974,0.339231916,2.288405323,10.00145935,4.911852525,7.468903741,0.907465519,5.914238519,3.887227099,0.972733418,9.518960369,4.176823181,0.096693183,4.889451938,1.075228191,1.320990031,1.567718802,1.295849803,0.290079548,1.295527493,0.424160761,1.466674426,0.145039774,0.950816296,0.386772731,3.295142511,1.448141566,2.045705435,0.276220192,2.376557275,0.3706572,2.084060397,1.956425396,4.173116609,0.797074136,0.241732957,0.660736748,0.367595249,4.152005264,0.136982009,0.836557186,0.128924244,0.096693183,0.216270419,0.6774969,0.730839306,0.757429931,0.257848487,0.112808713,0.467350383,0.177270835,0.419003792,0.625443737,0.716657639,1.408819672,0.614968642
ENSG00000200320,2.269405583,3.040839855,3.390639204,1.765558832,0.908919584,0.236259229,0.548943529,0.434605237,7.468106334,1.01308117,3.596767399,1.881094384,3.673591557,3.781544465,2.251247145,5.120679334,1.92299847,1.253131721,1.662993592,1.386626167,1.247943596,0.763252999,1.991441811,1.643637895,1.652816886,0.053278052,1.065361506,0.178192138,1.880695297,0.312883844,1.818637341,3.146996874,1.808261091,0.715562158,0.987938718,1.073143693,0.25222269,0.783007782,1.039221338,1.507549387,0.416646343,1.403786888,0.449970069,3.443119083,0.496862736,0.503248121,0.471919828,0.124315456,0.391503891,1.162339534,1.351107465,0.548145356,0.922887613,0.535374587,0.683834778,0.299913531,1.025652396,0.600026606,2.623195796,0.669467663,1.253730351
ENSG00000201098,0.20132181,1.903406202,22.09031012,1.024911032,0.366039654,0.036603965,0.109811896,0.622267412,5.435688866,1.116420946,3.84341637,0.329435689,3.312658871,2.104728012,0.512455516,2.56227758,1.555668531,0.420945602,1.189628876,0.219623793,0.091509914,1.171326894,0.219623793,0.457549568,0.841891205,0.164717844,0.439247585,0.018301983,1.189628876,0.054905948,1.555668531,0.475851551,0.67717336,0.054905948,0.713777326,0.054905948,13.39705135,1.006609049,1.061514997,0.40264362,0.018301983,0.457549568,0.164717844,2.324351805,0.073207931,1.500762583,0.256227758,0.475851551,0.970005084,1.921708185,2.342653787,1.409252669,0.695475343,0.20132181,0.256227758,0.20132181,0.366039654,0.091509914,0.036603965,0.860193188,0.109811896
ENSG00000206811,2.022058824,5.797058824,5.772058824,0,0.080882353,1.252941176,0.842647059,0,19.51617647,3.469117647,4.702941176,0.980882353,5.035294118,5.047058824,1.311764706,4.167647059,3.575,1.011764706,0.994117647,0.760294118,1,0.388235294,1.307352941,1.489705882,2.316176471,0,0.705882353,0.582352941,2.410294118,0.732352941,1.519117647,1.425,1.025,0.582352941,0.735294118,0.072058824,0.220588235,0.257352941,0.022058824,2.327941176,0.280882353,0.961764706,0.436764706,2.717647059,0.438235294,0.572058824,0.042647059,0,0.097058824,1.3,1.882352941,3.702941176,1.594117647,0.673529412,0.586764706,0.5,2.852941176,1.697058824,2.027941176,0.413235294,0.604411765
ENSG00000207088,0.589809404,1.582655235,5.773578723,0.655343782,3.014581399,1.703893834,0.327671891,0.065534378,11.00977554,5.439353394,2.883512643,1.179618808,4.325268964,1.11408443,1.334279941,3.33701054,1.547922014,0.917481295,1.638359456,0.655343782,1.245153187,1.376221943,1.966031347,1.805472121,3.767571405,0,1.174376058,0.423352083,2.162634482,0.87488395,1.11408443,1.805472121,1.310687565,0.589809404,0,0.065534378,1.376221943,1.016438207,0.633062094,0.983015674,0.136311507,1.224837529,0.131068756,3.766916061,0.983015674,0.393206269,0.851946917,0.393206269,0.73464038,1.743869805,1.580033859,1.116705805,0.655343782,0.393206269,0.332259298,0.541969308,1.387362787,1.188793621,2.883512643,1.180274152,0.851946917
ENSG00000207165,0.937613238,4.169525305,3.984720377,0.509844184,1.251781616,0,0.526694045,1.850767001,21.42650079,11.82099287,0.820751298,0.333735958,6.171397512,2.546503201,1.264283126,1.700205339,1.515943955,0.831078633,0.711498973,0.673994444,0.667471917,0,0.473426742,1.012622297,2.31821476,0.48701534,2.196460925,0.421790071,1.31211499,0.841405967,0.56637275,1.522466481,0.28807827,0.047831864,1.18546926,0.154366469,0,1.132745501,1.000120788,1.339292185,1.220799613,1.440934896,0.199480614,1.197427226,0.316886097,0,0.036960986,0.065768813,0,1.232214036,2.937854813,0.814772315,1.83119942,0.714760237,1.045778476,0.415811088,2.488887547,1.585517575,2.255707211,1.059910617,2.64379756
ENSG00000208892,2.918918919,2.189189189,3.891891892,2.675675676,1.702702703,0,0,0,43.54054054,16.05405405,11.18918919,5.837837838,3.648648649,4.135135135,2.918918919,9.972972973,0.243243243,2.432432432,4.135135135,1.216216216,1.702702703,1.702702703,5.108108108,0.972972973,1.216216216,0,3.405405405,1.216216216,1.216216216,0.243243243,0.486486486,1.459459459,4.621621622,1.216216216,0,0,0,0.972972973,1.216216216,2.432432432,0.243243243,0.243243243,0.972972973,3.162162162,0,0,0,0.243243243,0.486486486,1.216216216,2.918918919,1.216216216,1.945945946,0.972972973,0.486486486,0,0.72972973,0.72972973,0.972972973,0,0.972972973
ENSG00000224506,0.784929663,0,0,0,0,0,0,0,0,0,0.280959163,0.304489493,0,0,0.182974655,0.035119895,0,0,0,0,0,0.140479582,0.035119895,0,0,2.177433516,3.158332195,0,0,0,0,0,5.145415878,1.178974889,0,1.302596921,0,0.297816713,0,0.105359686,0,0,0,0,0.035119895,0,0,0.035119895,0.256024038,10.54264141,2.539519638,0,0.140479582,1.571264121,0.175599477,5.576688194,0,0.525042437,0,1.123836653,0.112734864
ENSG00000225647,0,0,0,0,0,0,4.695652174,0,0,0,0,0,0,0,0.313043478,0,0,0,0,0,0,0,0,0.313043478,0,0,0.313043478,0,0,0,0,0,0,0.313043478,8.452173913,0.626086957,0,0.313043478,1.565217391,0,0,0,0.313043478,0,0,0,1.252173913,9.704347826,0.939130435,6.260869565,0.939130435,0,1.87826087,0,1.565217391,0.626086957,0.626086957,0.313043478,0,0,0
ENSG00000226091,2.087205488,0.112520131,0.558305995,0.544885177,0.17178646,0.053683269,0.107366537,0,0,0.042946615,0.042946615,0.42946615,0.139683865,0,0.032209961,0.12991351,0.907676707,0.25767969,1.15193558,0.097488816,0.461676111,0.354309574,0.161049806,0.075800775,0.332836266,2.544586937,1.469418431,0.537154787,0.676409186,0.891142261,0.34357292,0.544455711,1.084402028,0.397256188,0.128839845,0.246943036,1.181031912,0.043161348,0.194977632,0.644199225,0.991744706,0.225469729,0.032209961,0.180053683,1.903393976,0.322099612,0.161049806,0.383835371,0.407992842,2.543191172,0.441920668,1.770366836,1.582260662,2.540507009,2.391804354,2.419719654,0.141294363,3.618252311,2.041574709,0.203996421,0.769710707
ENSG00000226599,0,0,0.537313433,0.358208955,0,0,0,0,0,0,0,1.074626866,0,0,0,0.179104478,0.179104478,0.179104478,0.537313433,0,0,0,0.895522388,0.358208955,0.179104478,0,0.358208955,0.179104478,0,1.970149254,0,1.074626866,3.223880597,0,5.014925373,0.358208955,0,3.223880597,0,0,1.432835821,0,0.179104478,0,0,1.074626866,1.970149254,1.611940299,0.179104478,4.119402985,0.71641791,0.358208955,0.537313433,0.895522388,0,1.074626866,0.71641791,1.791044776,1.791044776,1.074626866,1.074626866
ENSG00000226721,0,2.634198491,0,0.130427036,0,12.18744432,0,46.82544396,11.11837026,0,0,7.536972145,0.427629625,0,0.553780365,2.798835897,0,2.57860664,0,5.345370315,1.710518501,5.257706242,0.295064441,0.130427036,0.641444438,0,0.350656293,1.924333314,0.85525925,0,0,2.694066639,0,1.344895171,0,1.592920354,0,0,0,0.85525925,0,1.069074063,1.806735167,3.048999228,0.641444438,0,0.641444438,1.710518501,0.211676664,0,2.426798123,0,1.704104057,2.726138861,1.201639247,0.427629625,2.67054701,0.850982954,0,2.914295896,2.330581458
ENSG00000228590,0.110429448,0,0.220858896,0.331288344,0,0,0,0,0,0,0,0.552147239,0,0,0,0,0.220858896,0,0.220858896,0,0,0,0,0,0,0,0.993865031,0.441717791,0,0,0,0,0,0.331288344,0,0.220858896,0,3.202453988,0,1.104294479,0,0,0.441717791,0,0,1.435582822,0.110429448,5.521472393,0,0.883435583,0,0,0.993865031,0.331288344,0.220858896,0.552147239,17.22699387,0.220858896,0,0.662576687,1.104294479
ENSG00000229953,0.559631887,0,0,0,1.007337396,0,0,0,0,0,0,0,0,0,0,0,0,0,0.132073125,0,0,0,0,0,0,0,0,5.307548812,0.111926377,1.643079219,0,0.223852755,0,0,0,0.354806616,0,0,0.682750902,0,1.790822037,0,0,0.564108942,0,0,0,0.223852755,0,0,0.561870414,2.29896779,3.362268375,0.783484641,0,0.231687601,1.431538366,0,14.23927372,0.335779132,1.852381545
ENSG00000230246,0.345069973,0,0,0.345069973,0,0,0,0,0,0,0.460093297,0.460093297,0,0,0.115023324,0.230046648,0,0.575116621,0,0,0.115023324,0,0.230046648,0,0,0,2.070419835,0,2.645536456,1.38027989,0,0.575116621,7.016422775,0,0,0,0,0,0,0,0,0,0,1.265256566,0.230046648,0,0.345069973,4.503163141,0,1.658636335,0.805163269,0.115023324,0.575116621,2.234903189,0.690139945,2.755958847,0.679787846,4.855134513,0,0.575116621,1.023707585
ENSG00000230657,0,0,0.805279052,0.402639526,0.402639526,0,0,0,0,0,0,0.201319763,0,0,0.100659881,0.402639526,0,0.402639526,0.201319763,0.100659881,0.805279052,0.201319763,0.201319763,0.100659881,0.805279052,0,1.40923834,0.402639526,0.201319763,0.22044514,0.603959289,0,0,0.100659881,0.301979644,0.402639526,0,0.301979644,0.402639526,0,0,0,0.100659881,0.301979644,0.301979644,1.702158595,0.603959289,1.610558103,0.301979644,0.301979644,3.062073594,1.509898222,3.019796443,0.503299407,0.603959289,5.032994072,3.234201991,2.919136562,1.006598814,3.422435969,2.112850912
ENSG00000231500,2.300654491,0.482909228,1.710373162,3.498468972,1.34523524,0.376246445,1.211390193,0.578562177,1.026967755,1.734422095,2.660241236,1.166363979,1.752882843,1.629763904,1.635746839,1.416759072,0.758691704,2.379869787,1.345815029,2.760785389,1.239756708,0.822191002,1.775136895,3.055682418,0.474903197,0.283726827,0.67538704,1.64746599,3.027858685,0.374994346,1.355720796,0.914093822,0.642764623,2.723771374,0.410170305,1.166363979,0.360209711,1.321155467,0.774086968,1.576534284,0.993660693,0.826508584,0.582873591,1.830031868,0.496521948,1.176232738,0.99488812,0.203543159,0.583465716,0.381791454,1.394579036,0.916542508,0.957861769,0.972054278,0.897440291,0.763564404,1.620937532,0.774043793,0.513971148,0.911003667,0.954179488
ENSG00000234810,0,0,0,0,0,0,0,0,0,0,0,5.283276451,0,0,0,0.122866894,0,0.245733788,0.122866894,0,0,0,0.122866894,0.122866894,0,2.33447099,1.105802048,0.245733788,0,0,0,0.982935154,0,0.737201365,21.87030717,0.245733788,0,0.737201365,0.245733788,0,0,0.737201365,0.245733788,0.122866894,0,0,0.737201365,2.33447099,0,0.860068259,0,0,0.860068259,0.982935154,0.122866894,0,0.491467577,0,0,0,0
ENSG00000236095,0.177631579,0.592105263,0.177631579,0.118421053,0.059210526,0,0,0,0,0,0.414473684,0.414473684,0,0,0.769736842,0.355263158,0,0.473684211,0.414473684,0,0.473684211,1.539473684,0.769736842,0.947368421,0.236842105,1.480263158,0.947368421,0.592105263,1.539473684,1.539473684,0.177631579,0.888157895,0.947368421,0.236842105,1.598684211,0.710526316,0,0.532894737,0.947368421,0,0.710526316,0.236842105,0.296052632,0.888157895,0.414473684,1.421052632,1.184210526,1.361842105,0.355263158,1.776315789,1.776315789,2.427631579,1.184210526,1.065789474,1.480263158,1.125,0.651315789,1.125,1.421052632,1.717105263,1.243421053
ENSG00000237359,0.224299065,0.411214953,0.747663551,0,0.261682243,0,0,0,0,0,0.074766355,0.373831776,0,0.897196262,0.074766355,0.747663551,0.14953271,0.373831776,0,0,0.224299065,0.112149533,0.485981308,0.672897196,0.261682243,0.934579439,0.485981308,0.336448598,0.14953271,0,0,0,0.635514019,0.411214953,2.242990654,0.448598131,0,0.411214953,0.112149533,0,0.934579439,0.373831776,1.271028037,0.336448598,0.14953271,1.869158879,1.308411215,2.392523364,0.971962617,3.925233645,1.570093458,0.14953271,1.869158879,2.392523364,1.271028037,2.355140187,1.495327103,1.570093458,0.523364486,1.719626168,1.38317757
ENSG00000239440,0.106824926,0,0,0,0,0,0,0,0,0,0.213649852,0,0.267062315,0,0.106824926,2.243323442,0,0,0,0.106824926,0,0,0.160237389,0,0,0,7.264094955,0,5.181008902,0,1.869436202,0,4.486646884,0.053412463,0,0.053412463,11.96439169,0,0.427299703,1.762611276,0,0,0,0,0,0,0,0.908011869,0,1.495548961,0.106824926,0,0,0.213649852,0,0.106824926,0,0.106824926,0,0,0
ENSG00000240602,0.118811881,0,0,0.178217822,0,0,0.118811881,0,0,0,0.059405941,0.297029703,0,0,0.118811881,0.059405941,0,0.415841584,0,0,0,1.544554455,1.069306931,1.128712871,0,0,0.178217822,0.059405941,0.415841584,0,0.415841584,0.356435644,6.95049505,0.118811881,1.188118812,0.534653465,3.326732673,0.237623762,1.188118812,0.118811881,0,0,1.188118812,0.534653465,0.831683168,1.603960396,0.356435644,0.178217822,1.425742574,4.277227723,0.594059406,0.178217822,0.594059406,3.504950495,0.237623762,1.00990099,0.059405941,0.891089109,0.475247525,2.079207921,0.891089109
ENSG00000242265,1.523995318,1.703082325,34.28287163,13.41396801,1.899726883,0.635583301,3.48692938,0.00702302,0.203667577,1.102614124,3.132266875,6.23995318,0,4.463129146,0.891923527,1.183378853,0.614514241,0.319547405,1.815450644,1.039406945,0.231759657,0.249317206,3.690596957,9.582910652,0.70932501,0.263363246,0.042138119,2.173624659,0.365197035,0.165040968,0.084276239,0.161529458,0.084276239,6.731564573,1.246586032,3.44127975,0,3.195474054,0.375731565,0.00351151,3.314865392,0.035115099,0.653140851,0.119391338,2.134998049,0.235271167,2.0472103,0.561841592,0.438938744,0.01755755,1.334373781,0.091299259,0.895435037,0.02809208,0.277409286,0.249317206,0.256340226,1.411627,2.703862661,0.68123293,0.179087007
ENSG00000244107,0,0,0.662983425,0,0,0,0,0,0,0,0.26519337,0.26519337,0,0,0.066298343,0.596685083,0,0.198895028,0.132596685,0,0,0.53038674,0.26519337,0.53038674,0,3.182320442,1.259668508,0,2.386740331,0,0,0.331491713,4.574585635,0,0,0.066298343,1.325966851,0.26519337,1.060773481,0,0,0.928176796,0.397790055,0.331491713,0.397790055,0,0,0.066298343,0.662983425,3.182320442,1.325966851,0,0.994475138,2.784530387,0.53038674,3.182320442,0,1.723756906,1.325966851,2.718232044,0.994475138
ENSG00000249784,0,28.28571429,20.57142857,0,0,0,20.57142857,0,187.7142857,0,5.142857143,0,0,12.85714286,2.571428571,7.714285714,10.28571429,0,5.142857143,2.571428571,0,0,10.28571429,0,0,0,0,0,5.142857143,0,0,0,0,0,0,0,0,0,0,5.142857143,0,0,0,5.142857143,5.142857143,0,0,0,0,0,2.571428571,0,0,2.571428571,2.571428571,0,2.571428571,5.142857143,0,0,0
ENSG00000249816,0.368488638,0,0.23449277,0.334989671,0,0,0.435486572,0,0,0.736977277,1.205962816,0,0.033498967,0,0.133995868,0.301490704,0,1.105465915,0.033498967,0.23449277,0,0.401987605,0.133995868,0.066997934,0.133995868,1.473954553,5.326335771,0,1.875942158,0,0.033498967,2.512422534,2.378426665,0.200993803,0,0.133995868,0,0,0.334989671,0.167494836,0.133995868,0.870973145,0.837474178,0.937971079,2.713416336,0.401987605,0.736977277,2.032047345,0.870973145,1.942940093,1.942940093,0.133995868,0.870973145,3.115403942,0.066997934,2.545921501,0.066997934,0.368488638,0.066997934,0.334989671,0.569482441
ENSG00000250493,0.592941176,0,0,0,0.084705882,0,0,0,0,0.762352941,0.508235294,0.592941176,0,0,0,0,0,0,0.338823529,0,0.169411765,0.338823529,0.423529412,0,0,7.115294118,5.590588235,0.254117647,3.049411765,0,0,3.811764706,2.795294118,0.084705882,0,0.169411765,0,0.338823529,0,0,0.084705882,0,0,0.084705882,1.016470588,0,0.423529412,2.117647059,0.254117647,1.863529412,0.254117647,0,0.677647059,1.863529412,0.254117647,1.185882353,0.084705882,1.863529412,0.254117647,0.508235294,0
ENSG00000251244,0,0,0,0,0,0,0,0,0,1.190082645,0.297520661,0,0,0,0,0,0,0.495867769,0,0,0,0,0.198347107,0,0,0,0,0.198347107,3.867768595,0,0,0,0,0.892561983,0,0.396694215,0,3.966942149,2.578512397,0.099173554,0.198347107,0,0,0,0,1.58677686,0.297520661,1.685950413,0,0,11.00826446,0.198347107,0,0,0,0.297520661,0.991735537,0.396694215,0.198347107,4.760330579,2.380165289
ENSG00000252947,2.482758621,4.965517241,12.66206897,2.482758621,0.248275862,0,1.24137931,10.42758621,11.42068966,0,8.937931034,2.482758621,13.15862069,1.737931034,0.993103448,8.937931034,2.731034483,0.744827586,5.95862069,3.227586207,1.986206897,2.482758621,2.482758621,0.993103448,1.986206897,0,0.496551724,0.248275862,0.248275862,0.744827586,1.737931034,1.24137931,0,0.248275862,0,1.737931034,0,1.986206897,4.220689655,2.482758621,0,0.744827586,0.496551724,4.965517241,0,2.979310345,0.744827586,0,0.496551724,2.482758621,1.489655172,1.489655172,1.489655172,1.24137931,0.248275862,0,1.489655172,0.248275862,0,0,0
ENSG00000255750,0.537122356,0,0.484491193,0.183213346,0.11493508,0.995724706,0,0,0.665997582,0.549355545,0.068847251,0.432429015,0.036130582,0.048648264,0.136272038,0,0.101279427,0.076244063,0.178661462,0,0,0.284492773,0.335701472,0.097012036,0.69558483,0,1.240957476,0.285346251,0.982353545,0,0.796579765,1.739104322,3.966398242,1.680498811,0,0.284492773,0.056898555,3.712915182,0.028449277,0.483068729,1.540243874,0,0.464292206,0.085347832,0.577804822,0,0.3149335,0.283923788,0.542812211,0.174678563,1.150204282,0.786622518,1.960155207,1.806244616,1.355892557,0.959025138,0.319485384,0.170695664,1.236121099,0.013086668,7.001367146
ENSG00000256108,0.133333333,0,1.6,0.133333333,0,0,0,0,0,0.266666667,0.533333333,0,0,0,0.933333333,0.4,0.266666667,0.266666667,1.066666667,0.666666667,0.8,0,0.133333333,0.133333333,0.266666667,0.4,1.2,0.8,0.533333333,0.8,1.6,0.133333333,0,0.933333333,0,0.133333333,0,0.4,0,0.666666667,0.933333333,0.8,0.933333333,0.666666667,0.666666667,0.533333333,1.066666667,0.666666667,3.6,0.533333333,3.2,2.266666667,3.6,0.666666667,1.6,2.133333333,1.066666667,1.2,0.4,1.466666667,0.4
ENSG00000256234,0.514285714,0,0,0,0.6,0,0,0,0,0,0,0.428571429,0,0,0.171428571,0,0,0,0.171428571,0,0.085714286,0,0.428571429,0.171428571,1.028571429,0,1.885714286,0,1.971428571,0.857142857,1.285714286,0.6,3.171428571,1.457142857,0,0.085714286,0,0.942857143,0,0,0,0,0,0.085714286,0.428571429,0,1.8,0.257142857,1.628571429,0.085714286,0.514285714,0.257142857,2.657142857,1.2,1.885714286,1.971428571,0.514285714,0.428571429,0.685714286,0.342857143,9
ENSG00000259100,0.260470501,0,0.037210072,0.446520858,0,0,0.260470501,0,0,0.744201431,1.562823004,0.260470501,1.079092074,0,0.409310787,0.120932732,0,1.22793236,0.520941001,0,0.372100715,0.148840286,0.558151073,0.545127548,0.111630215,0.334890644,0.744201431,0.48373093,0.520941001,1.71166329,0.669781287,1.637243147,3.237276223,0.372100715,0,0.297680572,0.706991359,1.079092074,0.223260429,3.795427296,1.302352503,0.595361144,0.761318063,0.652664655,0.706991359,0.486335635,0.669781287,0.96746186,1.22793236,0.887088105,1.004671931,0,2.532517468,1.596312068,1.22793236,1.116302146,0.384380039,1.65435978,0.520941001,0.96746186,0.923553975
ENSG00000259277,0,0,0,0,0,0,0,0,0,0,0,0,0,0,0.620689655,0.931034483,0,0,0,0,0,0,0,0.310344828,0,0,0.310344828,0,0,0,12.72413793,0,0,1.24137931,1.24137931,0,0,1.24137931,0,0,0,0,0,0,1.862068966,0,0.931034483,0.620689655,2.172413793,1.24137931,1.551724138,0.931034483,3.103448276,1.551724138,0.931034483,1.551724138,1.24137931,0,0.310344828,0,1.24137931
ENSG00000259417,0,44.30075188,32.7518797,0.360902256,0,0,89.05263158,0,0,1.172932331,9.563909774,0.180451128,0,0,3.067669173,0.541353383,0.541353383,0.812030075,0,0.992481203,0.541353383,2.345864662,0.360902256,5.233082707,1.172932331,0,0,0.992481203,0,0,1.263157895,0.180451128,0,0,2.255639098,4.781954887,0,0.360902256,0.631578947,0.270676692,0.812030075,1.894736842,1.263157895,1.714285714,0,0,0.270676692,6.947368421,0.090225564,0.090225564,3.518796992,0,1.172932331,0.45112782,0.360902256,0.541353383,2.796992481,0.360902256,0.631578947,0.090225564,2.255639098
ENSG00000260092,0.440268456,0.214765101,0.10738255,0,0,0,0.322147651,0,0,0,0,0,0,0,0.59704698,1.127516779,0,0,0,0,0.536912752,0,0,0,0,2.529932886,0,0,0,0.275973154,0.129932886,6.510604027,1.727785235,0.512214765,0,0.222281879,0,0.10738255,0.859060403,0,0.744161074,1.073825503,0.536912752,1.374496644,0.062281879,0,1.932885906,0,1.096375839,0.904161074,2.164832215,0.429530201,1.751409396,0,4.106308725,1.124295302,0.190067114,0,1.65261745,1.252080537,2.728590604
ENSG00000260552,0.923868955,0,0,0.370670827,0,0,0,0,0,0,0,0.44648986,0,0,0.32574103,0.320124805,0.070202808,0.328549142,0,0,0,0,1.676443058,0.550390016,0,1.404056162,0,2.541341654,1.12324493,2.24648986,0,1.507956318,0,0.303276131,0,0,8.424336973,0.657098284,0.561622465,0.606552262,2.549765991,0,1.60624025,0,2.358814353,0,0,0,0,0,1.134477379,0.513884555,1.269266771,1.951638066,3.049609984,0,0,0,0.693603744,0,1.496723869
ENSG00000261804,0.341052632,0,0,0.227368421,0.075789474,0,0,0,0,0,0,0.151578947,1.705263158,0,0.303157895,1.174736842,0,0.757894737,0.265263158,0.833684211,0.037894737,0.682105263,0,0.341052632,0.113684211,0.530526316,1.553684211,1.402105263,1.364210526,0.303157895,0.151578947,3.941052632,1.667368421,0.644210526,0,0.075789474,0,0.151578947,0.454736842,0.341052632,1.174736842,2.576842105,0.833684211,0.530526316,1.250526316,0.644210526,0.454736842,0.378947368,1.44,0.947368421,2.046315789,0.606315789,1.515789474,1.174736842,0.795789474,2.425263158,0.72,0.795789474,0.606315789,0.871578947,1.629473684
ENSG00000269930,1.260273973,0,1.488289881,0,0,0,0,0,0,0,0,0.78833407,0,0,0.176756518,0,0.065399912,0.176756518,0.413610252,0,0,0,0.570923553,0.309323906,1.247901016,0,1.647370747,1.454706142,1.827662395,0,0.353513036,1.612019443,3.379584622,0.321696863,0.639858595,0.422448078,0,0.448961555,0,0.878479894,0,0.69288555,1.482987185,0.553247901,0.231551038,1.414052143,0.335837384,3.300044189,2.271321255,2.115775519,2.175872735,0.130799823,1.384003535,0.413610252,0.763588157,1.903667698,1.08528502,1.43703049,0.754750331,0,0.567388422
ENSG00000272235,0,0,0,0.033930254,0,0,0,0,0,0,0,0.101790763,0,0,0,0,0,0.067860509,0,0.169651272,1.696512724,0.067860509,0.033930254,0,0.033930254,22.3600377,1.59472196,0,0.475023563,0.067860509,0,0,0,0.135721018,0,0,0,0.033930254,0,0,0.407163054,0,0.067860509,0,5.802073516,0,0.033930254,0.882186616,0.169651272,0.101790763,0.271442036,0.067860509,0,0.475023563,0,0.30537229,0.644674835,0.576814326,0.30537229,0.916116871,0.30537229
ENSG00000273771,0.818181818,0,0,0,0,0,0,0,0,0,0,15.21818182,0,0,0,0,0,0.163636364,0.163636364,0,0,0,0.654545455,0.654545455,0.490909091,8.181818182,0,0.490909091,0.654545455,0.818181818,0,1.963636364,0,0.163636364,0,0.490909091,0,0.490909091,0,0,0,0,0,0.327272727,0,0,0,3.436363636,0,1.472727273,1.8,2.454545455,0.327272727,2.781818182,0.490909091,2.618181818,0.163636364,0.818181818,0,2.781818182,3.272727273
ENSG00000278920,0,5.244094488,0.42519685,0,0,0,0,0,0,0,0,0.212598425,0,0,0.212598425,0.496062992,0.070866142,0.212598425,1.204724409,0.42519685,0.283464567,0,0.212598425,0.283464567,0.42519685,0,2.834645669,0.496062992,0,0.141732283,3.330708661,0.283464567,0,0,0,1.346456693,0,0.212598425,0,0.283464567,1.488188976,2.05511811,1.275590551,0.992125984,0.42519685,1.133858268,0.354330709,9.212598425,3.118110236,0.212598425,0.070866142,2.125984252,1.275590551,0.779527559,0.283464567,1.062992126,0.212598425,0.496062992,0.283464567,0,0.212598425
ENSG00000285854,0,0,0,0,0,0,0,0,0,0,0,0,0,0,0,0.532544379,0,0.256874347,0,0,1.290636965,0,0.263139575,1.035851027,0,0,1.094326488,0.74556213,0,0,3.45214062,3.099199443,0.630699617,1.929690219,0,0.511660285,0,0.793595545,0,0,0,0,1.768882701,6.601461887,0,0.74765054,1.017055343,3.901148625,1.092238079,0,0.208840933,0,0,0,0.68290985,1.044204664,0.208840933,2.309780717,0.256874347,1.507831535,2.395405499
ENSG00000286407,0.586956522,0,0,0.097826087,0.880434783,0,0,0,0,0,0,0.391304348,0,0,0,0.195652174,0.293478261,0,1.076086957,0.097826087,0.293478261,0,0.293478261,0.195652174,0.391304348,2.641304348,2.152173913,0,0.586956522,0.489130435,0.489130435,0.880434783,2.836956522,0.195652174,3.619565217,0,0,0.097826087,0,0.097826087,0,0,0,0.195652174,0.195652174,1.858695652,0,0.097826087,0,0.391304348,1.467391304,0.097826087,4.108695652,1.956521739,1.956521739,0.782608696,0.195652174,3.52173913,1.27173913,0.586956522,3.22826087
ENSG00000286471,0.563952488,0.123945602,0.117748322,0.049578241,0,0,0.601136168,0,0,0.427612326,0.433809606,0.086761921,0.185918402,0.049578241,0.681700809,0.818040971,0.105353761,0.446204166,0.216904803,0,0.142537442,0.247891203,0.278877604,0.334653124,0,1.766224824,3.222585643,0.130142882,3.123429162,0.161129282,0.365639525,1.642279222,4.424857979,0.192115683,0.210707523,0.068170081,0.799449131,0.099156481,1.834394904,0.501979687,0.061972801,0.297469444,0.254088483,0.297469444,1.109313135,0.179721122,0.148734722,0.136340162,0.78705457,2.987089,1.165088656,0.03718368,1.158891375,1.747632983,0.72508177,2.863143398,0,0.830435531,0.855224651,1.450163539,0.365639525
