"","X1","X2","X3","X4","X5","X6","X7","X8","X9","X10","X11","X12","X13","X14","X15","X17","X19","X20","X21","X22","X23","X24","X25","X46","X47","T03_1_048","T04_1_070","T05_3_044","T08_2_164","T10_2_117","X26","X27","X29","X30","X31","X32","X33","X34","X35","X36","X37","X38","X39","X41","X42","X43","X44","X45","T01_1_016","T03_2_045","T03_3_085","T04_2_044","T04_3_028","T05_1_034","T07_2_060","T08_1_161","T08_3_020","T09_3_077","T10_1_291","T11_1_015","T11_3_146"
"ENSG00000077232",0.806846028398798,0.596219179128836,0.574890020124212,0.286744788924848,0.486526680225102,0.276798501251409,0.341098938341402,0.626712057100959,0.517414926092139,0.74653640853305,0.448201199093449,0.514928236976206,0.804141747410015,0.614452766638152,0.949944522569926,0.520393306327782,0.23902768030695,0.697719060145129,0.660404015032603,0.261749302459337,0.517414926092139,0.26382419619223,0.677181882731875,1.15756892049981,0.870086277924449,0.573695769555784,0.499162757814692,0.752997608189909,0.73066827875823,0.7235785078764,0.558079881410631,0.407221589105504,0.775379344057903,1.19408813413718,0.518904884801642,0.613290833816457,1.65582096850725,2.51175055364456,0.697280462475275,0.331804227720877,0.451585870774791,0.239931402827276,0.487034253968044,0.780587150527115,1.2014261715243,0.524626902117401,0.294304772531933,0.423753375857082,0.650695963309913,0.279731004919462,0.678515720741994,2.19395821489458,1.01121717969537,0.311314579759838,0.967510305728855,1.78268986806635,2.32045597806547,0.469323893846186,0.667362540119519,0.671358595317966,0.442193413613556
"ENSG00000077312",1.38853776363858,1.015767315874,1.19232976908718,1.81403098722781,1.31860939745591,1.56500789444732,0.85215453187292,1.0267735333371,0.936279051899698,1.34523131107567,1.05392723724579,0.736244787379574,1.71543920542474,1.12734631994379,0.900824594806501,1.021280920286,1.05929718374187,1.47545810917548,1.15268752643671,1.63500864255426,0.982235720871429,0.827189607330526,1.20691920927352,1.64218336621301,1.08057929524997,1.31860939745591,0.788913039727125,1.0267735333371,1.29148698143981,1.36704702679527,0.631989236460732,0.882765184416796,2.10373321835949,1.32308063742306,0.782433702830679,0.982235720871429,1.11192514702734,0.667584791870157,1.32753806337925,0.580632247700431,1.19232976908718,0.0655082691254377,0.631989236460732,0.36341056648891,1.13245029647924,0.580632247700431,1.20691920927352,0.631989236460732,0.999098935231833,0.503940874805058,0.715987696443258,0.55804983875899,0.999098935231833,1.04312700693078,1.27311788789501,1.14260439557858,0.976570560922465,1.61326787020511,1.22136258707657,0.98787872118653,1.05929718374187
"ENSG00000085465",4.11948566846472,0.0664767391370963,0.174239975486898,0.0225009829934738,0.0556078284562632,0.13691596493035,0.0628628594696682,0,0,0,0.226861745860253,0.223628522425693,0.420027633708693,0,0.377019660273315,0.220388036736556,0,0.170886504592123,0.0299239942961382,0.0879719528309248,0.0409873866560975,0.226861745860253,0.230087739518349,0.258801596502283,0.0446564106980104,0.0112943573891586,0.130024804764615,0.10212620654534,1.46355994777959,0.167525220560867,1.21109671985161,3.09331037021103,0.0736774535614887,0.184253871749433,0.0592399044745476,0.0915235563262357,0.174239975486898,2.91387196067803,0.0225009829934738,0.332690084492824,0.0519665839816961,0.0225009829934738,0.0150395794782737,0,0.0336212264638748,0.0556078284562632,0.0915235563262357,0.0373090078530091,0.18092362256856,0.308478637088624,0.252469945588938,3.17215849600129,0.261957031805864,0.0844115831127951,0.157394123442965,0.422849754465889,2.49023469951335,0.130024804764615,0.388614394717899,0.388614394717899,0.10212620654534
"ENSG00000092758",0.320384280279239,0.221289864803257,0.870958054724065,9.19315774996304,1.16563254053843,0,0,0,3.00817393136419,2.33956423575815,1.80183369432574,3.47408547833619,1.69508868961131,0,0.413107472029801,0.320384280279239,0,0.413107472029801,0.114883638504175,0.114883638504175,3.61738397809293,0.660119860524242,0.221289864803257,1.90122184527191,0.582388556856383,1.05487632855349,4.92325597541978,0.221289864803257,0.413107472029801,1.80183369432574,0,0.320384280279239,0,0.870958054724065,0,0,0,0,3.38532029194785,0,3.52691238755189,0,0.804044721813448,0,0.804044721813448,0.996137360065912,0.221289864803257,0.114883638504175,0,1.41020758184011,0.320384280279239,0.320384280279239,0.320384280279239,0.500229452559109,0.500229452559109,0.413107472029801,0.934904971866896,0.804044721813448,1.05487632855349,0.114883638504175,0.870958054724065
"ENSG00000100823",1.89585790357075,0.55710072495067,1.19104335695274,1.01120641246732,1.054091344359,0.921411674526029,1.25309453848426,1.61141670183719,1.65106647578453,1.39162318260308,1.50260855014057,1.60998028531613,1.56324312973302,1.8356802757769,0.973724317404829,1.19104335695274,0.618393063634772,1.13621649473839,1.48704317942505,1.80587841916732,0.964761653995697,0.987064769014955,1.28224563395275,1.67736418160607,1.10188283004518,1.63561947824314,0.604034083622486,1.37987165594255,1.200618323234,1.00466229059088,0.874327601215917,0.883868150426019,1.81338679594952,1.52869026104826,0.583688348214231,0.928343600932313,1.2063329474282,0.655071027184324,1.55729307186338,0.499308674230311,1.03280822027799,0.211780666668671,0.928343600932313,0.709738465224551,0.967007545071099,1.14219146012315,1.15209507213213,0.857478302853364,0.833061305858787,0.571932077188023,0.840429893884566,0.502408771975524,1.03066253691679,1.18140441750303,1.0646163118134,1.21769473393696,1.01338120719038,1.30550470765625,1.06251745216618,0.82565488935947,0.837977876648595
"ENSG00000106366",0.503793122640164,0.125460408677293,3.83623908990468,1.54001331106585,3.10663580748371,0.262893456058923,0.602055912407576,0.475790440479509,2.13087680859295,3.75701574063223,0.979774474771288,0.34774207913338,0.149294442466419,1.84373884157211,1.35767575467634,0.0515006277679559,0.531262606247196,0.741862100646732,2.09757523139574,1.17817006673355,0.316505696728799,0.172741115679501,0.966420080455277,0.408256311542905,0.513007853621349,2.59731249513985,4.07271301984047,1.16068719734701,0.749678871453379,3.15305449953005,0.475790440479509,0.305941448562962,2.9131349429052,1.34740977603828,0.795710439734898,0.172741115679501,0.437587442968131,0.149294442466419,1.4660280351501,0,0.652960524139509,0.0889544099797629,1.00611804046258,1.31616611949266,0.710164478332919,0.602055912407576,0.437587442968131,0.897728441808624,0.549289260460243,0.627732723420488,0.207211770068672,0.0765775401673592,1.06994629547533,2.95768384719579,0.337404916043593,0.229742982284047,0.284578007212404,1.56237664986529,0.795710439734898,1.06994629547533,0.229742982284047
"ENSG00000107223",1.9056398845087,0.700054999073394,1.79551919723997,1.96392283296506,1.37012075346726,0.388382960519899,1.12118782753806,0.868718258552886,2.09216169947313,1.38874108247158,2.10573152299043,1.20342646794996,1.20762763993189,1.13006862366355,0.735402036088841,1.62066771986057,0.752756011207178,1.47142868120589,1.29313889628839,1.40346622352036,0.852712053904397,1.2732340249049,1.50935993633297,1.92618035267954,0.74699451544822,0.536009789878362,1.14766787639731,1.34364182522718,0.814658820644329,0.841941733429238,0.931024232981432,0.884548827498879,1.42166378181653,1.51615064854627,0.594929345940408,0.594929345940408,1.28122895861695,0.711933830610284,1.53966954270867,0.594929345940408,1.16505502295005,0.0755000050116599,1.01012203180093,0.41042011958497,1.43605834809102,1.24489760902072,0.92082497847752,0.825633977391597,1.09421264731582,0.495349329685868,0.995617759495845,0.549312545661537,1.05277992838118,1.2243110474826,1.20342646794996,1.02923698025827,0.620362785242453,1.12118782753806,1.14766787639731,1.16072784139896,0.925933618772155
"ENSG00000109063",0.777607578423103,1.16227142883749,1.33560303189332,2.75742969674624,1.44057259123412,1.94753258005243,1.22239242113035,3.5145731730101,0,0.855610091044482,1.51457317275762,2.29418310447449,0.607682577401577,0.308122295251355,1.49032562682761,1.92961067228894,0.514573173262567,1.69514541842915,1.75742969674624,1.46566357239856,1.75742969674624,1.65207669664527,0.695145418429147,1.94753258005243,0.362570079705307,0,1.25153876702482,2.14684138846889,1.49032562682761,1.58496250072116,1.63005039013872,0.41503749891817,1.09953567364709,0.607682577401577,0.777607578423103,0.46566357239856,1.19264507812273,0.514573173262567,0.817135942928173,0.514573173262567,1.28010791944733,0,1.03394733219175,0.308122295251355,0.736965594454745,1.25153876702482,0.855610091044482,0.736965594454745,0.41503749891817,0.362570079705307,0.46566357239856,0.251538766418886,1.41503749945918,1.30812229525136,0.777607578423103,1.85561009064584,0.607682577401577,1.49032562682761,1.46566357239856,2.11547721730896,1.36257007914426
"ENSG00000111218",1,0,0,0,0,0,0,0,0,0,0.41503749891817,0.63742992102749,0,0,0.41503749891817,0.289506616932677,0,0,0.152003093300781,0.152003093300781,0,0,0,4.73094180677989,0.152003093300781,0,0.152003093300781,0,0.289506616932677,0,0,0.736965594454745,0.289506616932677,0,0,3.11547721747542,1.68805599358576,0,0.152003093300781,0,0.736965594454745,0,0.152003093300781,0,0,0.63742992102749,0,0,0,2.68805599358576,0,2.18762700331652,1.07800251192534,0,0.530514716254874,1.28950661693268,1.63742992056377,0,2,0,1.41503749945918
"ENSG00000112234",0.866518794709928,0.658505939382939,1.0543170798697,0.497361019734646,0.422378962814701,0.6101821134547,0.597843940916833,0.689845384481924,0.328426686390748,1.05281126153558,0.873359624048045,1.04979490223545,0.759812010640179,1.03156309531572,1.06630737559722,0.728085949303671,0.538828112718091,0.868232045629366,0.654540204848939,0.616311854704026,0.549545265622311,0.440917475156995,0.969070637648333,0.82124480776872,1.02543426455012,0.814151729281175,0.712911138701505,0.917051428800589,0.970666397301615,0.566528818932101,0.840572851565836,0.733735603425109,1.13765016952638,0.935145378783959,0.705263456112528,1.53281245556662,1.01773642889986,0.624444539460226,1.06182268444583,0.608133065726266,0.881865296183845,0.179070961804184,0.863086177920618,0.748694070346234,1.15880276731466,0.620383928186725,0.650563539099259,0.831819464150888,1.33267615991928,0.898727663306574,1.01464575752335,0.915395215410367,1.67173126656053,0.928591987334761,1.23514061837125,1.35850337414838,1.3657984440332,1.03766600049772,1.0192792855668,1.16578527069814,0.956240619252141
"ENSG00000116183",0.369599058650898,0,0,0,0,0,0,0,0,0,0.572071053268452,2.77396983538404,1.24039820900157,0,0.0685547300881684,0,0,0.133999082871463,0,0,0,0.944593701592165,0.0685547300881684,0.422942697730777,0.0685547300881684,0.369599058650898,0,0.133999082871463,0.196603091155346,0.0685547300881684,0.196603091155346,0,2.33320801951921,0,0,0,0.749593202220504,0,0.422942697730777,0.707218250573784,3.81670739780602,2.31920773867246,0.314207057276834,0,0.422942697730777,0,0,0.0685547300881684,0,1.89734682283125,0.663560896731381,0,1.89734682283125,0,0,0.133999082871463,0.196603091155346,0.524054225993418,0.133999082871463,0.707218250573784,0
"ENSG00000123243",1.40032885863399,0.199423447755733,0.112176794197718,0.281693413909918,0.683861574496327,0,0.159363957413226,0.876197545333818,0.118160285329329,0.461881194019082,0.292316631818715,1.05214633402546,0.773787254171026,0.548620653495501,0.265610461505606,0.00646622210254216,0.199423447755733,0.302862197595544,0.512732306175693,0.281693413909918,0.182391115248286,0.0571784105918063,0.38456154221711,0.232896481268143,0.118160285329329,0.965193789940049,0.334044130929419,0.0879915324941321,1.54726221723375,0.461881194019082,1.68665680354745,1.66433972565525,0.695913801874047,0.100134843478003,1.69067762295541,0.00646622210254216,0.118160285329329,1.44385872662032,0.159363957413226,0.130053331100751,0.210667639261411,0.938390384141835,0.418899859924276,0.0193123633677898,0.723650188591204,1.87864418971033,0.0818813327252371,0.359523939994606,0.094075964383901,1.15176265939144,0.404283400575063,1.97740269739448,1.19769277772266,0.328893720627111,0.112176794197718,2.29120657045069,1.34782623831203,0.862005111063572,2.161047710399,0.359523939994606,0.466578803368989
"ENSG00000126838",0.0650980288122884,0,0.201642733089614,0.142545512764704,0,0,0,0,0,0,0,0.244429328344562,0.230307654773596,0,0.244429328344562,0.0490968257666314,0,0.0490968257666314,0,0,0.0650980288122884,0.0329161566099617,1.60521173327825,0.37852732080014,0.0650980288122884,0.501214105399004,0.127385054080543,0.299708286933321,0.272264633591462,0.172396702231837,0.258414112199744,2.35682699193633,0.149916381024933,0.82947342314788,0.0650980288122884,0.0809237058855177,2.7467013928921,2.58963584812167,0.016551952795616,0,0.0329161566099617,0.201642733089614,0.127385054080543,0.285983448382397,0.465490978039008,0.127385054080543,0,0.0329161566099617,0.157548314137238,0.33959022656611,0.272264633591462,2.58484345880173,0.890911993895237,0.172396702231837,0.201642733089614,2.2483666631073,1.4675235705939,0.994474353307478,0.112063590706888,0.453748653194282,0.365664700808372
"ENSG00000127554",1.31689870095043,0.822220445418078,1.34880795957677,1.80214709422659,0.789804956350374,2.30665198775954,1.15306800379688,1.51141952423392,1.04563159500033,1.42140798253593,1.47835647864579,0.9058917479795,2.05269530473986,2.34056254674162,0.73748760383738,1.57370901354989,0.71757603815526,1.34140742249041,0.741241560175481,1.87986702783665,1.23857842583652,0.871752963998189,1.17941387623311,1.83046388725446,1.25796267347603,0.983184501984572,1.0831546657937,1.46992176925066,1.45628309560447,1.08649462284893,0.359860329190276,0.80142103465776,1.3444151175783,1.35776637007791,0.46229898127994,0.624496566115396,1.06334211288144,0.475293289584758,1.57407511682507,0.316757569014061,0.921800195981137,0,0.425847698388491,0.562378959426211,1.13519159752576,0.645377049336786,0.72418882887272,0.81882612483677,1.5307864935678,0.866681297222444,0.49611426092953,0.718073049940671,1.16247170637524,1.62178016296657,1.73522155635027,1.33548113267741,1.03861870685358,1.42354271708865,1.32399042597576,0.579255546768763,1.42587714133487
"ENSG00000130948",0.477414333184168,0,0,0.477414333184168,0,0,0,0,0,0,0,0.232589290660927,0,0,1.34658618922641,0.477414333184168,0.210262260842023,0,0,0,0.781229602795891,0.01687763876548,0.756655083517654,0.628546553819515,0.304917166961059,0.304917166961059,0,0.210262260842023,0.210262260842023,0.138047739438679,3.17021704533191,0,0,0,0.556498491481416,0.108958268575596,1.31645596369287,2.19201744104875,0.210262260842023,0.556498491481416,0.10264776138903,1.12216812593343,0.108958268575596,0,0,1.06921360276938,0,0.172599857011984,0.795645470405138,1.22258017052027,0,1.97052093602131,0.393742313739017,1.17324756051176,1.65692260486161,1.32054008048706,1.43756032755381,0.264031977830383,1.3934366023527,0.477414333184168,0.0973678371111844
"ENSG00000133121",0.862503630917706,0.607622777309392,0.887103532739598,0.513324324275064,0.889134715117532,0.526433303598709,0.532813480188638,0.954608163925452,1.0116561333117,1.11072268089831,0.721434015696864,0.996662549767963,0.595234236156396,0.529040865941204,0.833263336550234,0.803418123412644,0.464221588612275,0.746298022909834,0.730525130427892,0.426482508722642,0.45692762587097,0.663278609604651,0.990999537157835,0.85497876481377,1.0521026673348,0.513324324275064,0.395381033913489,0.76043644324412,0.839579196992458,0.742370936722912,1.65998301010797,1.56280533344154,1.34481182525354,1.02464890024333,0.500095136727554,0.775140746621787,1.29359221957487,0.952667161650693,0.513324324275064,1.33292272355828,1.42119524528437,0.703078096614007,0.582738392454167,0.719152256899439,0.403929965340065,1.00230342023403,1.02094860559374,0.529040865941204,0.781715661694147,0.73373874744894,0.889134715117532,0.995230021307583,1.16705353964823,0.937358531999072,0.826919704779981,1.248420278204,1.10898087034703,0.386781142236444,0.78680158467203,1.35594300691487,1.21201503889999
"ENSG00000136942",1.51613131105728,0.553157407716786,1.35901372144342,1.46446798821303,1.81824305389487,0.958679576725804,1.27219964884586,1.08721462203794,1.17840063960233,1.83189851957085,1.73638642067676,1.08721462203794,1.41935250700565,1.39992617097422,0.860833004671813,1.20661326087152,0.885487338538017,1.57902271533928,1.11428691616953,1.79240177810656,0.971896359942632,0.800995900977619,1.32979696496227,1.41935250700565,0.919992634106043,1.33364156880987,0.757773252090722,1.24795790751881,1.13939699828267,0.797288393788852,0.537686151893843,0.634366385533591,1.7344489503158,1.76038778689611,0.57280830297528,0.819391855186564,1.15830819754024,0.544337015944102,1.18692675718994,0.864380952246989,0.746281526471928,0.559737491449416,0.757773252090722,0.621843935471026,1.35018413470656,1.08417498874487,0.973539976154437,0.60285406976948,0.99635613466271,0.424476711900649,0.66520507566948,0.378072531022304,1.31040573963838,1.23841945129994,1.10081426957109,1.15829374566665,0.87145077911977,1.73541801095414,1.1408605396518,0.806484029891348,1.10831460056044
"ENSG00000137309",1.20826239217598,0.497259304971048,1.44473135438102,3.11492451769085,1.72267896540751,0.748737147807041,0.529114336090002,0.863424359096157,1.71210645284291,1.56620790947792,0.585451857781081,1.44473135438102,1.18962342890314,0.87075550768294,0.298498012683591,0.439269322480412,1.82056874444248,0.758255200220634,2.53080312916159,1.84757153174226,0.981900461585051,0.476265979044237,0.977832522094224,1.04922692525907,1.00206986241612,3.18629178532774,0.929505806657673,2.02034632075157,1.78298347170056,1.96593532567959,0.608437836654631,0.787987991564893,2.02495357423946,0.775543525516434,0.620664865593698,0.476265979044237,1.12487745302153,0.224892336644029,2.45088268580002,0.617181989447723,0.836719411182331,0.0831378810650012,1.04803749026052,0.425396213676424,0.915395530555272,1.37323392397589,0.425396213676424,0.60316579301439,1.28709004791304,0.574718148162417,0.374731091340313,0.708388484012788,0.560281169166456,1.33664057093534,1.49588410032819,1.07877510466335,0.540191439405791,1.70063334855787,1.31852607609658,0.56932119683709,0.693582218281661
"ENSG00000139163",0.777834275087556,0.662036077651202,0.738623397533048,0.685136648278537,0.813214308609062,0.757151399940319,0.652170340842853,0.656332560793876,0.444631745291625,0.762953255838603,0.661518506607725,0.862683998692332,0.926541484541451,0.854103049928583,0.896506338908223,0.66823248664592,0.693261852972253,0.699830051129089,0.799636719840981,0.512212533839629,0.566853045868097,0.603960105628081,0.959336884811942,0.918333127024766,0.833114278002988,1.18713730738196,0.680546030499677,1.10310761048685,1.26483818722159,0.851382638787131,0.812748237403615,0.838619116321194,0.922227118440465,0.843646832921176,0.980655198786232,1.29184350222588,1.0920111830358,0.951313529128891,0.945372899314575,0.620032268797874,0.629590318912859,0.329452082229518,0.720351410779139,0.675428153076483,0.739114036881061,0.481459379743678,0.501841411049353,0.544009560664094,1.18929330013026,0.618966344116801,1.11827431534682,1.38036951712538,1.89893767872991,0.983556809663334,1.37469697235552,1.4800113803593,1.40963578218975,1.11487568152038,1.1399866376555,1.09508080120709,0.989754964784611
"ENSG00000141858",1.0765587127387,0.620278231014546,2.25451945933445,1.38169246059647,1.45950492771667,0.935545833961627,1.54480428995873,1.45038601763576,0.636450356817512,1.21221871419337,0.922415573855913,1.26864605476892,1.33950814411429,1.58979295696547,1.00362435759471,1.26518327209377,0.97423448212881,0.798534134601221,1.69648488569927,1.24774357966571,1.30619799782343,1.16468867864606,0.886805847090146,1.42888169933111,1.72449288192513,1.24070824335471,0.68390667412482,1.58424549983266,1.23009048983446,0.873222285670913,0.5706448400015,0.859509612094278,1.53621046875736,1.18315523682223,0.398002386022072,0.265630549857555,1.5101175189487,0.774378265604955,1.27554678452832,0.784089201041928,0.769498174950037,0.45989584936955,0.812835870516736,0.965726220396615,1.24070824335471,0.944233418132246,0.864095000500557,0.850294881211184,1.75196747912946,0.739865808000782,0.631079766355744,0.798534134601221,1.20500754984556,0.999462282382482,1.30619799782343,1.12703094932594,0.699384775725976,1.30282428977048,1.0961806300103,1.11168825027501,0.94855766989996
"ENSG00000147206",0,0.259212695091858,0,0,0,0,0,0,0,0,2.82814152234938,0,0.373217323319015,0,0,0.427010140467996,0,0.135420208707393,0.427010140467996,0.0692984428366757,0,0.57730892811633,0,0.135420208707393,0.624119466779331,0,0.427010140467996,0.0692984428366757,0,0.198643819042742,1.52097094360499,0.915111102632077,0.259212695091858,0,0,0.373217323319015,0,0.373217323319015,0,0,0.259212695091858,0,0.0692984428366757,0.198643819042742,0,0,0,0.57730892811633,0,0.259212695091858,0.373217323319015,0.198643819042742,1.70641653058907,0,4.26351140818512,1.24961388959956,1.21944513693208,0,1.30812229525136,0.57730892811633,0.837783093449512
"ENSG00000150637",0.359724781837588,0.0930609524682989,0.493764053323863,0.544076853309829,0.67025003052004,0.169838862923725,0.2325452935928,0.441633037236383,0,0.631993109211685,0.467933998279813,0.527500115519657,0.931944151780607,0.840959671608815,0.993590169661146,0.331354982553037,0.568590211280205,0.262905195886723,0.519139769883417,0.211944507583842,0.441633037236383,0.568590211280205,0.350330031867563,0.544076853309829,0.282795903003409,0.576669637906191,0.736655470272469,0.867545976963107,0.655068781637271,0.312127033912568,0.423828851683553,0.485205317318278,0.414843679657667,0.786270506009301,0.631993109211685,0.369058748199394,0.584704068772756,0.999612335436891,0.50227231525156,2.97048379285434,0.331354982553037,0.159117598384064,0.887169042516299,0.552294339778533,0.359724781837588,0.321773041850721,0.378332713536691,0.2325452935928,0.282795903003409,1.02345272148485,0.312127033912568,1.06424830208391,1.4806290712052,0.600639932393945,0.647417828143034,0.969246935138296,1.11505972807968,2.97048379285434,0.807022644318311,1.02935176601835,0.76521550033874
"ENSG00000151320",1.19978295365412,0.0608435841743188,0.0205676260319046,0.223442104962169,0.874043822183535,0.16305318115905,0.298348617805401,0.181436746468207,0,0.64152889513256,0.156872897880188,0.667845332570371,0.808531788242772,0.573557737082508,0.427181328254789,0.885302166368817,0.15066602657417,0.353433567573453,0.416873944726902,0.531182785265628,0.235222375046308,0.374891824204202,0.467689862303864,0.596572451437167,0.667845332570371,0.358828128052837,0.303952727628384,0.659126416822834,0.748148300840792,0.727445475582488,0.406492390597213,1.33730410796557,0.623714071327585,1.40144211050655,0.16305318115905,0.292722652873201,1.89844631196132,1.55032202938946,0.531182785265628,0,0.847427566877864,0.55957059223736,0.303952727628384,0.36420259106073,1.97069227140939,0.605676511549727,0.112853339161142,0.16305318115905,0.839731850984271,0.667845332570371,0.663492461273631,2.51580329337364,1.44774108826309,0.0805676159007659,0.554877912773583,1.13523382860408,1.19375835449389,0.502225163489268,0.587410576498961,2.01578365794088,0.764499282752621
"ENSG00000151632",1.3446382503453,2.49346143745438,0.607453878676609,1.18173942221495,1.95229738856718,3.86747281368594,0,2.57186031323476,2.78319354439932,5.24625814064517,0.423402440292526,1.35467871982277,0.8076768948356,0,0.301729376088893,0,1.41681822020044,0.613255860587824,1.50874291131853,0.850333734647978,0.642551418392079,0,1.98523359958478,0,1.5608779864297,6.42862283604516,6.54052227851707,1.91180728080002,0.558508710053545,7.52455225440862,0.04838779182016,1.07530480769678,0.735034062626951,0.992152974851011,1.13343412847348,0.62829638239573,0.528460666668727,0.862834545636656,0.648214227471517,0.26861641918509,1.34580033873451,0,0.660096546618357,0.563178918731829,0,3.08104871064405,1.46253086960103,0.106675944947863,0,1.38495292477327,0.0965865065846505,1.51081654245721,1.28369091729941,0.348084299100434,0.096126214454516,1.12194890861607,1.43494988615124,0.301729376088893,1.45806005824315,0.930233975670841,1.30196759892826
"ENSG00000152154",0.512190958534634,0.227107423563267,0.0602154433555674,0.360805854012473,0,0,0,0,1.0952979025775,0,0.526491170945179,0.675093522295962,1.04651634817088,0,0.72554823728605,0.244513178568385,0.278707093096577,0.244513178568385,0.278707093096577,0.136782056193538,0.312109292027523,0.526491170945179,1.38935481472779,0.453529046982258,0.136782056193538,0.636059682920504,0.0990066324308211,0.244513178568385,0.540651026576119,0.244513178568385,1.34162837899465,2.14068569775472,0.0797414118511886,1.41263872803802,0.0203523489024125,0.155305211866748,0.497747580999507,2.33194319025293,0.32852479120731,0.155305211866748,1.69809825870625,1.64009579003269,0.209489104095743,0.392380391058523,0.312109292027523,0.209489104095743,0.244513178568385,0.261711439584783,0.0602154433555674,0.227107423563267,0.0797414118511886,2.38783964407643,0.312109292027523,0.227107423563267,0.622810131005028,1.15173859730349,2.70003278080151,0.118017978739962,0.37667950062281,0.636059682920504,0.737890949519645
"ENSG00000153993",0.801245175460404,0,0.00717242240550394,0.175788996754709,0,0,0.117331581344158,0.431756230233561,0.256253445305738,0.0355107614074172,0.0564050989597923,0.415675206255144,0,0.0494738887606962,0.297790619627998,0.0564050989597923,0.117331581344158,0.0494738887606962,1.33347895754591,0.588206075532212,0.0425092177882481,0,0.291929455966414,0.0143093631208689,0.0214111700502992,0.0838016622265331,0.297790619627998,0.0701684110093107,0.399412911359893,1.64300238108213,0.338165274068304,1.64989265703191,0.680823620284594,1.71046761083166,0.0905702781671349,0.326744492311152,0.916200128014998,1.43801894243563,0.163001622749148,0,0.35512869530079,0.163001622749148,0.447659982035624,1.20525973701922,0.0355107614074172,0.0701684110093107,0.0770011405797706,0,0,0.447659982035624,0.671824890242051,3.54418796974179,1.27822384541366,0.509577726099954,0.87758645562805,1.85660466761962,1.29297107904554,0.711884379091965,0.680823620284594,0.156565180066777,0.809474000586128
"ENSG00000155506",1.22066073126415,0.851010480330579,1.21630626999206,1.3897088738869,1.1773534500194,1.02727912802493,1.05253600220863,0.802815406999052,1.10706257891973,1.2950684319781,1.26586958505828,1.01322841098683,1.12836691058708,1.30432964801092,0.925589699532541,0.921248788066411,0.85381657585869,1.01354214020014,1.21139173999033,1.87278364708509,0.7210371250657,0.921248788066411,1.12430545671677,1.23982664652524,1.2105710215617,1.42881236267999,0.78712002619343,1.13904603759493,1.42362791984235,1.32444686768583,0.78565127281796,0.959203328784995,1.41700247846076,0.916223758917955,0.697408288433274,0.61875541722666,1.13328335464751,0.692714090002436,1.30561123905927,0.814025686609957,1.03842199836294,0.330259565428858,0.773476658830923,0.560257474263065,0.903076178548674,0.673385999530016,1.09969365164585,0.692322215886976,1.17426988786273,0.652990153192327,0.825864259323535,0.818700970036596,1.3033035551877,1.41367831243677,1.43491550783007,1.3186188457037,1.07435396461407,1.4005444298939,1.087824514523,1.20728347097175,0.987267615127125
"ENSG00000155657",0.470583618847082,0.5311574485156,0.481646794769383,0.563554094139454,0.185788626260254,0.527748723224904,0.0939732740456952,0.759577651959184,0.271720946545002,0.589503339384623,0.411160684044046,1.00894430810678,0.589800036074512,0.205715773093054,0.6883271706878,0.509313815362599,0.129124531405073,0.793946597120884,0.5577171122155,0.474239173270889,0.282592077953973,0.272209201692013,0.390465739239138,0.437071102102532,0.375954595337804,0.625296611037592,0.62682738272646,0.428052071474339,0.675025304630398,0.762488542556929,0.576443167494044,0.580028900303491,0.378324361492083,0.568017268048383,0.599405302163791,0.325970759352291,0.543264439750267,0.355503783434563,0.169295575969903,0.470905804252999,0.437090314066968,0.123926619459087,1.11964481401006,0.34963377960047,2.30959999083242,0.51710445265988,0.715769965436488,0.379764345066925,0.646514552548958,0.665338208666349,0.46401475692794,0.334239788896461,0.965198176413332,0.695877355312723,0.929366510298471,0.579248636855178,0.818835240766752,2.00168469188016,0.508594898216752,3.52274924901528,0.62865375673218
"ENSG00000156218",0.354527867076281,0.266970820962966,0.07924675050728,0.302633791759201,0.388115075084035,0,0,0.831257051356264,0.0740969327983818,0.134713703884753,0.094586819011096,0.614270012536717,0.337436409951438,0.449058164630749,0.154366231155905,0.472732386052497,0.0162014180100862,0.449058164630749,0.0108211357552072,0.420938100494763,0.492168404998853,0.284912500150775,0.24422532274459,0.159237816241735,0.43305673247533,0.0215617113791386,0.62134821781364,0.144573430180442,1.14544483879128,1.2496138902063,0.607156909555546,0.663103314077667,0.154366231155905,0.396391105254378,0.472732386052497,0.0480684395808471,0.768880097390455,1.36796170374381,0.271477202215473,0.253366598987459,0.424988965381767,0.65622751592935,0.358769279812436,2.74725629407452,0.173754642344261,0.271477202215473,0.289363271895007,0.0108211357552072,0,0.43305673247533,0.652777289066482,0.109765490974973,1.19846934410006,0,0.104723656814572,4.01966195070274,0.424988965381767,0.408716810198504,0.333131719872796,0.379791295361526,0.07924675050728
"ENSG00000160211",0.822706366424633,0.383434898639912,0.930336618731292,0.975710428412792,1.15405604691085,2.58141605080319,0.441187665965515,0.587204084739155,4.2956920033248,2.67894609441312,0.822706366424633,0.665442350324396,0.797657546214526,1.14911339419247,0.86552179278944,0.672348942060998,0.416719014085773,1.06238904036353,0.930336618731292,0.803960641787405,0.400172940592138,0.784968133600211,1.04120270678366,1.23558943058099,1.2678671645897,3.73165153303012,2.23235173218362,2.48450368959291,1.19299924351073,3.02623712569549,0.204418645495174,2.14567545367902,1.73178484510199,0.86552179278944,0.383434898639912,0.651529177803336,1.70509142681849,0.155964794581814,1.42742576455468,0.105826864907999,1.46370798813792,0,0.651529177803336,0.349364721578985,0.828901202369011,0.542669968190069,0.408469697249199,0.57251159690011,1.13418301708647,0.665442350324396,0.672348942060998,1.20257298012025,1.25412218101592,0.94751946081871,0.941814555941812,1.23558943058099,0.930336618731292,1.77413510190267,1.05183476404287,0.713108225382018,1.20733612938337
"ENSG00000163481",1.86694569379227,0.803590325789122,1.19234598058644,1.31665490582262,0.760459297049229,1.17602632261451,0.90609286559142,1.38923802980569,1.72832667597032,1.28656733931551,1.31665490582262,1.54984691360456,0.90609286559142,1.20848309543356,1.09153845243601,0.983154328633485,0.760459297049229,1.1259295817047,1.22444170445972,1.84646753597233,1.15951994371002,0.983154328633485,1.03836396151286,1.59964149862315,1.30168955580084,1.25583890413203,1.10883649210281,1.86694569379227,1.4982720400074,1.28656733931551,0.497001130204615,0.964271413608705,1.22444170445972,0.782185986885316,0.824681740107618,0.330039846421367,0.803590325789122,0.90609286559142,1.54984691360456,0.824681740107618,1.61182616375333,0,0.945138064719441,0.387867297625161,1.05630744086744,1.09153845243601,0.670124804659164,0.865961478906058,0.90609286559142,0.983154328633485,1.24022571429818,0.64662885717444,1.25583890413203,0.497001130204615,1.28656733931551,1.27128493235451,0.824681740107618,1.61182616375333,1.63589104551506,0.845469246278806,1.10883649210281
"ENSG00000163644",0.767914345597709,0.988729239778706,0.793482089479515,0.601782277042043,1.08504758562246,0.41124931382192,0.226499729342089,0.496746125837621,0.343628326570824,0.618568189656022,0.491548475726599,1.1325684523129,0.722050616265884,0.478471830140342,0.302667696144487,0.329132666436533,0.662521966251135,0.692910348596624,0.519906564950891,0.724267984165878,0.522457145313937,0.254385695811758,1.10560563159998,0.204431749895533,0.733103531989207,0.639867014075151,0.748436717285008,1.10219956967448,0.55521076253068,0.363680633936131,0.613792111295372,0.697431955500902,0.841255461857701,0.414438720434175,0.879561088078462,0.620950313113633,1.10560563159998,0.572544085325641,1.24339765208604,0.686101254072446,1.18663688271539,0.522457145313937,1.15081734034455,0.397420598654046,0.269648118273884,0.405733723880746,1.56497499450084,0.618568189656022,0.885517443365335,0.522457145313937,1.27399243088287,1.22785346615227,1.65838328178915,0.575003361406583,0.89144930735981,0.83716348597249,1.04303121423987,2.48672223511812,1.29949740391649,0.637515946574021,1.28755121032983
"ENSG00000163931",1.14460019095969,0.909263595203442,0.838551298272673,1.62710958105736,2.01042868915573,2.95469198308464,0.574976776959645,0.516203313618205,1.24889720946307,2.10977240960593,0.812803924358334,0.827279023193795,1.18208855459175,0.975743471359321,0.796081137700179,0.849736180750327,0.572523953433993,0.852771613322083,1.37741054228136,1.51150209629385,0.730485698520191,0.261404385690472,1.09419097596751,1.42032726935443,1.30464286715716,1.96018046200682,1.62710958105736,1.97697052044894,1.91684666373869,3.50523581016066,0.421250987930297,1.0339555481824,1.95312652052419,1.18449993936638,0.823158078970875,0.525110006620284,1.15775039808652,0.545264019722158,1.17644626588053,0.43751673271392,0.860835016085411,0.273536166660799,0.496930343968411,0.40617788486162,0.777033353768431,0.911206154980404,0.422613493619665,0.425334649669221,0.897552985967738,0.41304882478608,0.6349799871211,0.640845301025588,0.768486272067321,1.82812501866856,1.39069863164164,1.52931844091409,1.25579326935212,1.29426027901733,1.68332134076072,0.993271660143748,1.48761645769815
"ENSG00000164120",0.112588045834543,0,0.0611382049518912,0.276236503275473,0.0980743598347606,0,0.210290265277045,0,0,0.282668316919732,0.903949662832593,1.24427809261405,5.08018608762119,0.567141318644207,0.469037528402564,0.0760263351589354,0,0.0907623928444239,0.162266070842328,0.148246040056219,0.00778547460955711,0.196731412642628,0.452018158978343,0.0460948307634893,0.0611382049518912,0.0155291590468437,0.0907623928444239,0.0611382049518912,0.210290265277045,0.203526767012275,1.41793056342007,1.42084918888787,0.169225323481382,0.282668316919732,0.00778547460955711,0,0.0611382049518912,2.42840074160624,1.19398226880054,0.693196175439532,0.00778547460955711,0.852996716205281,0.08341317933546,1.47801501129588,0,0,0.0460948307634893,0.162266070842328,0,0.540552642014962,0.0760263351589354,1.59891299143733,1.07303703621841,0.134088425257455,0.992931663565476,0.598414105567623,3.6806822077372,0.295446556526016,0.263286207479973,0.66885095378695,0.112588045834543
"ENSG00000167165",0.327346829566637,5.05010483164061,0,0,0,8.35540592924779,0,4.64595511077861,0,6.74146809471411,1.01350886623268,0,0,0,0.593982451081659,0,0,0,0.81894167680487,2.10123762888372,0,0.327346829566637,1.03339314118549,0,0.327346829566637,5.15066339132936,6.99009522197859,0,0.81894167680487,5.49120232168324,0,0,0,0,0.327346829566637,0,0,0,0,1.01350886623268,1.47660287296229,0,0,0,0.327346829566637,1.82661480286057,0,1.18492707418915,0,3.04553232911173,0,0,1.71911080525681,0,2.39678661786162,0,2.37994245704718,0,1.22477809073374,0,2.462262913598
"ENSG00000171658",0,4.4266142022314,0,0.569855608330948,2.13442632022093,4.81378119121704,1.19639721301335,0,3.35093918154643,0,0.853829352123192,0,0,0,0.403722186414523,0.853829352123192,0.569855608330948,0.569855608330948,0.215937398785102,0,0,0,0.403722186414523,1.63178335731897,0.718818247163755,4.90212383971094,6.73816264655524,2.0242162373026,0.403722186414523,4.27844945822048,0,2.3324095786602,1.55458885167764,0,0.403722186414523,0,0.215937398785102,0,0.977279923499916,0,2.92975155348044,0,0.403722186414523,0,0,0.977279923499916,0,0,1.09099453199484,1.63178335731897,0,1.19639721301335,0.853829352123192,1.09099453199484,2.62449086498578,0.569855608330948,0.718818247163755,0.215937398785102,0.718818247163755,1.19639721301335,0.853829352123192
"ENSG00000171928",0.768595061141847,0.828065988805207,0.729979767612245,0.378605285524187,0.451881341654572,0.901996522862546,0.758458026333873,0.380843980868323,0.0854829135769169,0.930548934453584,0.53955676084505,0.63845202169024,0.983113435525044,0.548282146944586,0.759546923754625,0.765835882614093,0.934255514923215,0.662724492069903,0.681044633257871,0.720649313225182,0.400139402174266,0.374255033921379,1.04847509863194,0.66617494449944,1.10300022416736,0.910733987953915,0.551347946970432,0.991135327899625,1.1121726003489,0.825401566334871,0.762983846966381,1.28136308401471,1.01330329624953,0.508971512846937,0.551834625976097,0.769711203172415,1.16789459589493,1.24080098964947,0.957399693751286,0.633000099826652,0.763544201129285,0.757157298234316,0.826742771851393,1.03968269271795,0.631715423375698,0.575822063880239,0.530778281551247,0.567141787992192,1.21276138037156,0.746053502657496,1.23777947074899,1.41902814208224,1.83796261826507,1.05365334589264,1.58108993588517,1.3617533996606,1.07083303470804,0.860054092442401,1.08407213426015,0.813578709519972,0.956174665989073
"ENSG00000174123",0.0381134623048619,0,0.311424807901865,0.181231662842119,0,0,0,2.75035842399238,0.892701406868726,0,0,0.459205083041956,0.567414299535531,0,0.111446536404923,0.0381134623048619,0,0.279961341229005,0.0381134623048619,0.247796364984886,0.111446536404923,0,0.0752458941606478,0.0752458941606478,0.279961341229005,0.311424807901865,0.692174305231499,0.214897885214603,0.762159676451802,0.111446536404923,0.8289065407952,0.514323981429756,0.953794366844902,0.111446536404923,0.567414299535531,0,0.181231662842119,0.487027746409399,0.618620070658777,0,0.111446536404923,0,2.78439187007116,0,0.111446536404923,0,0,0.430835284068154,0,0.541113337718668,0.0752458941606478,0.214897885214603,0.401896399245662,0,1.22559248528742,1.49588953733834,0.372365130285852,3.88883786711071,0.214897885214603,0.593244355325565,1.53639654210267
"ENSG00000177156",1.38942294917255,0.580068449206612,0.878759300415174,1.46694461269041,1.77804374138678,1.51315909984773,1.06313506822722,1.28484220364284,2.08388647025133,1.47029519466928,0.873707500247323,0.483887632842518,0.873707500247323,1.10469139638225,0.690488226802174,0.896302585151093,0.586258140820243,1.10469139638225,0.957271156519588,0.795727661232122,0.500369679350971,0.526355447697638,1.09387104547662,1.11756959654426,1.45515591470235,3.22387661523839,1.47029519466928,1.6670839470051,1.57826645714689,2.82253036316113,0.292739016556725,1.08733966581823,2.43372364350561,1.46190410424765,0.281339097313987,0.330101012136024,1.55478613551386,0.222947838149236,1.02034613191581,0.613787746274242,0.898791444177903,0.344779034429247,0.619834746494367,0.467215109258352,0.787692748023454,0.730159355726369,0.721749752330622,0.768768741314451,0.835244382174221,0.625856506703702,0.858445084620656,0.625856506703702,0.886303987529081,1.49517955207339,1.39119169200121,1.38942294917255,0.994980883194981,1.50501434460084,1.147179074221,0.704782040153656,1.19858734307129
"ENSG00000179520",0.355331252839622,0,0,0,0,0,0,0,0,0,0,0,0.640212361695243,0,0,0.504792152119613,0,0.188577708800392,0,0,0.188577708800392,0,0,0,0,0,0,0,0,0,0,0,0,0.76400484675018,0,0,0.983661262836902,3.20769591001439,0.188577708800392,0,0.355331252839622,0,0.188577708800392,2.29569655334065,0,0,0,0,0,1.69342416736846,0,2.83676118932476,0.983661262836902,0,0.878009475748686,2.37550913503961,1.56313613828997,0,0.355331252839622,0,0
"ENSG00000182253",0.343585823112252,0.797093242588598,1.54219206817933,2.96708818869488,1.73972341044824,1.72874388276479,1.5269760541633,2.16097643573828,1.77581986669654,1.41502506914516,2.10636311760728,0.755427323043521,1.12821492048883,0.304557178109199,1.43391702767122,0.906881314625288,1.0706724674791,2.81263474546975,0.566028063031461,0.815952121456672,0.566444450883097,1.3012381320262,0.911231573912624,1.90667048511011,1.3662950939822,0.981374507294797,1.51796257758504,2.57398660078767,0.4220669110844,1.31666609111878,0,0.341519382577168,1.39758002553288,1.1113345724141,0.534770583538377,0.907703122666395,1.11404303923446,0.491573311012628,0.964096636854447,0.882842926732853,1.35350421805581,0.21444092116757,0.864251269683008,0.171429075022874,1.09252072401368,1.08527467344059,0.956174130599559,1.1366517045291,1.41479385097462,1.01387209135048,0.799131996591804,0.31339082229255,2.33256959926019,0.545370787793734,1.28659143854538,0.745072983343534,1.03320573530474,1.36617551789294,0.639205251525388,1.58392132017998,0.792918114268827
"ENSG00000186529",0.229639285461122,2.5579449503704,0,0,1.59119445443889,6.75148816579128,2.01729392399558,2.65335360663456,0,1.17970602258582,0,0.157079717552997,0,0,0.0806766467678416,0,3.53388228809684,0.0806766467678416,1.72270933283336,0.229639285461122,2.58585442988434,0.6018155702739,0.655479281196467,0.805441787241627,0.229639285461122,2.36204953292884,5.3008300694144,0.757165781150898,2.83874787382541,4.0359209186288,0.98385025988622,0,0.364650389507697,0,1.69734800691976,0.157079717552997,0.29872359779746,0,0.427695722213469,0,0.655479281196467,0,0.364650389507697,0,0,0,0,1.38426515082137,0.655479281196467,1.72270933283336,0.488100961882674,0,0,2.80352611166579,3.47540257560202,0.757165781150898,1.7962232571461,0.655479281196467,1.14260439557858,0,0
"ENSG00000186908",0.857047349389984,0.890066221635301,0.676278345802915,0.518132455557836,0.765629574985971,1.02802335027359,0.596764732154275,0.705606272181633,0.651374589047785,0.721645579749412,0.582783053303526,1.00985124912691,0.728011704915193,0.681207923067451,0.859948744647006,0.803798988420149,0.512611818517986,0.765629574985971,0.93753290956342,0.871496326357492,0.658057737319608,0.33633127197511,0.806809358180225,0.700759500222134,0.762531946554539,0.862844316634786,1.00592726809791,0.565113223548789,1.00199258513232,0.971464787410778,0.933406928043366,0.579266357685109,1.04978611182946,0.782548658072934,0.859948744647006,0.968779413049834,0.875802951027547,0.925119395533536,0.938905618937142,0.5686645448419,0.925119395533536,0.308990109737171,0.802291444272784,0.708828430733472,0.699140284093963,0.639604063859874,0.619199870410988,0.791694296460206,1.26207245802815,0.686120713690489,1.05359275125309,1.05738937305126,1.75982858185242,1.21752355359198,1.15393212816392,1.21639201411273,1.72603813093624,1.38399031346816,1.24885162957243,1.08244801838505,1.06871965650028
"ENSG00000187134",1.35754816943694,1.66609661221773,0.413236264833163,2.34173914908399,1.19951463484869,2.30373831814769,0,1.3984152359814,2.79415897784114,2.52099147459727,0.600015653122824,2.17295923550398,1.26599361909367,0,0.621187499167311,0.0991411129117502,0.68290031879748,0.53899087138277,1.22146635336531,1.18322432952516,0.592378344883257,0.146268603637803,0.795681893582528,0.0991411129117502,1.82370704267081,3.10662335854144,5.83706281355409,1.7500309180579,1.33382501620754,6.67673898886418,0.512796798547941,1.29420070139482,1.05400201777322,0.0254312708215156,1.20051972005684,0,0.531200218935482,0,0.870140108465237,0.760069307096299,1.39870718964187,0.40065830762604,1.17790430317327,0,0.0991411129117502,1.93792891364517,1.95985876697329,0.0931404409363876,0.600015653122824,1.6622918563839,0.500154274199947,1.81658657825748,0.571467031471855,0.381090905809079,0.169267340415487,0.595098466959499,1.89601038862197,0.404152427974928,1.83064828171008,0.885637248106012,1.6745605244527
"ENSG00000188385",0.470260003505961,1.16460139734743,1.16460139734743,0.329876847603338,0.677573651075467,5.4534411808604,0.378205025749586,3.42793207496877,3.59571596858185,2.77947450076537,0.789020186676676,1.57027505755466,0.988998459494607,0,3.47868583324107,0.424966616023866,0.174346381479217,0.638425912853474,0.11853961502122,1.13677873370693,0.174346381479217,3.09917894099081,1.50648019144453,2.05953120334214,0,0.858805314126129,2.10331679246231,0.329876847603338,0.514174583655887,4.36230713346989,0.424966616023866,0,1.0197903654809,0.0604869477407092,0.824334659499525,0,0,0.789020186676676,0.279873468309675,0.824334659499525,0.514174583655887,0,0.892471535571037,0,0.892471535571037,0.424966616023866,1.10840893485034,0.11853961502122,0,3.27679275994926,1.10840893485034,0.556791827894531,1.76459671303783,0.988998459494607,0.752819545428535,0.514174583655887,1.5493219852345,1.13677873370693,0.824334659499525,1.93582437391793,1.50648019144453
"ENSG00000189423",0.609491764496942,0.639601127351698,0.170442447589774,0.273329776900623,0.662720336409443,0.430813027235829,0.630229897487564,0.0962189116608648,0.194962604420744,0.548762826294445,0.203202259092855,0.31375604599352,0.251553506243412,0.0959125814138144,1.08978992267604,0.602392469150715,0.313785315376733,0.240109687230505,0.293150174738273,0.308683507425761,0.170636392709637,1.04149020098393,0.810325153819717,0.795079576720653,0.638549897586646,0.300819619422293,0.617837048329473,0.361628187769643,0.899226111546739,0.502466444944527,0.670078413489671,1.57738846560742,0.483128177982581,1.02852980286011,0.347658473985973,0.635251075676482,1.71286807658804,1.03065048452606,0.775192822768178,0.425621911932273,0.535972974710966,0.231954826288472,0.757978337584295,1.38325356934241,0.498557673922731,0.26557292305588,0.223161567202982,0.319452347697785,0.239308600256312,0.474015917055312,0.937340393280316,2.27684055927706,0.885171956030807,0.79591798821814,1.21002813561553,2.27462428132975,1.5465232103631,0.16506625607472,0.95578265488861,1.35446152537212,1.15482590383642
"ENSG00000196754",2.01762989406852,0.735145158322154,0.25756619267838,0.303987994001398,1.56296418302492,1.14525597670785,0,3.5058140559118,0,0,0,0.108603554108091,0,1.97522815720942,0.348962521483801,0.392577297722939,4.40936953249476,0.0553234708051652,4.67744638940583,1.93154237136203,0.833368694864794,1.01177716804613,2.54779895562077,0.303987994001398,1.50453223049275,4.73787495162331,4.41730981842714,3.37602545511253,2.7624815357819,1.87115752448855,1.58192716405339,0,1.19537143157343,0.0553234708051652,1.56296418302492,0.434912134359475,1.01177716804613,0,1.58192716405339,0.735145158322154,0.954724394245858,0,0.629742478148229,0.434912134359475,0,0.801364844498463,0,0.303987994001398,1.83999007800314,1.35821744390444,1.44363340526452,0.209600867963447,0.303987994001398,1.01177716804613,2.65017345938226,0.801364844498463,0.925328998841498,0.108603554108091,2.07229399043286,0.25756619267838,1.14525597670785
"ENSG00000196932",0.102179601262334,0.0884519247879156,0.0550706189565791,0.0483006617973881,0,0,0,0,0.618249840903027,0.238736178531814,0.0818371691672241,0.643669210844622,0.966016828544795,0.114611771897973,0.715466674642078,0,0.285542492309964,0.0555433296212706,0.202607139935662,0.108116146248319,0.0414987848547649,0,1.17672740461787,0.297010584323835,0.140305709289968,0.169797987391932,0.314043587272262,0.0624810626603123,0.0685159693666082,0.061808957277178,0.396316681647543,2.59170107131944,0.035554954297424,1.35685483911651,0.0884519247879156,0.0208986008474486,0.0346646885275489,1.09961836482574,0.346359335915963,0,1.26821740227265,0,0.159280247785883,0,0.0346646885275489,0.226793414220631,0,0.0884519247879156,0.140305709289968,0.457945369539155,0.34199251962731,3.75234030873744,0.504144446729104,0.422730449829208,0.244670690994271,0.33087783528352,2.4697755501492,0.110262938154712,0.297524511218003,0.208691828453242,1.22989937097886
"ENSG00000198074",0.525784564729528,3.06440835084923,0.286713402269753,0,1.94791148871364,7.6742548850491,0,0,0,3.50250034010486,0,0,0,0,0.631938117035778,0,5.16291621956243,0,1.2135954729934,0.730813367110627,0,0.99230560811742,2.21028273891253,0,0.150467494515388,6.26384886259059,6.73471010112411,3.86009638455235,1.81900136289882,5.29885067050974,0,1.40541308027456,1.57469416514367,0,1.46407499246872,0.150467494515388,1.98844296843836,0,0,0,0.525784564729528,0,0,0,0.730813367110627,0.286713402269753,0,1.34426442475263,0,0.99230560811742,0.631938117035778,1.28040882533958,0.525784564729528,2.10362263093132,3.58410959184056,0.286713402269753,0.411195432938283,0,0.411195432938283,0.411195432938283,0.823344652857514
"ENSG00000199347",1.27812909108754,3.02373394528162,4.9864303550709,2.82658251893427,1.19965920655519,0.931908317721676,0.928963233447798,2.17040775030028,5.76977368619894,1.84547325677238,3.29456539156573,1.678999545111,2.74548646652538,2.97697333242673,1.27039384358676,4.1688180923328,4.07168850277938,0,3.49089785068753,1.73459174150876,1.27735743005187,0.471408613658899,1.7374000752626,2.8257910755105,1.02678821043184,0,0.0906403347524141,0.305710775152063,0.160937895282948,0.700513997711121,1.4914453159025,1.3634985572401,0,0.463289094060263,0.721090035072121,2.39937016160795,1.27194421502752,1.02678821043184,0.602876460693623,1.02678821043184,0.472757435091628,0.594227160600475,2.6577811743558,2.85297753910481,1.11581144559389,0.332703141737178,0.332703141737178,0,1.48410706406039,0,0.174263936889375,0.684305029618119,0.714263911058765,0,0.329728807517776,0.17260489772251,0,0.456487745726593,0.328239338302524,0,0
"ENSG00000200320",1.80222857008675,2.11542788628305,2.23775156878184,1.55350749688609,0.997330567996562,0.33224747047455,0.679620864092186,0.562071951776758,3.19945053087252,1.07757009670983,2.30525830183438,1.61444702921345,2.32963150721655,2.36319935899257,1.79397130388362,2.72530047291056,1.63592842713847,1.2470813157296,1.49716434148442,1.33338705560003,1.24362062558305,0.877062494586355,1.67034108245982,2.25524068591211,0.62726218520953,0.601496891669968,1.49145197801966,1.48628017772468,0.807007331655323,1.95434111098198,0.081885220264048,1.11622167657154,0.257401081782257,1.61424089932225,0.425421050817834,1.5818238800414,2.15365881598727,1.57633187634582,0.835403527108563,1.05860660572844,1.12188762746499,0.352161093977299,0.893972467114379,1.09702532320784,1.40734441367117,0.542706347436672,1.3441163347785,0.578436435477276,0.633784783321633,0.184302007371847,0.515150221123097,1.18528710668603,1.31092317501718,0.678832603533378,1.00835329329254,0.666161503552234,0.410066560439719,1.08695917945132,0.729194218849367,0.793962497532439,1.24748009258605
"ENSG00000204116",1.16716380603509,0.329938838585692,0.452787144908284,0.264355307207345,0.277712693022591,0.240678101539777,0.364778120733101,0.00402389388370171,1.14364695088444,0.329938838585692,0.764058288059998,0.780572502876269,0.696043559405115,0.432029961043603,0.676006927739847,0.9318641377684,0.149166650175883,0.640258944773802,1.13999470545027,0.392670194152216,0.627274057314773,0.47614961302522,0.803841072184472,0.507667506973675,1.06493827359504,0.481931590973584,0.688562395427949,1.10295453762669,1.38646867212844,0.663341233412645,1.18322301633023,1.12898216503072,0.819908616176169,0.557801690303249,0.831276852209814,1.00194844705457,1.11416678097711,0.775873413923252,1.19383069686071,1.40484657207672,1.46300765775243,0.527371676125376,0.737719305820394,0.815336120009622,0.989825436058012,0.703486129493905,0.808450087241877,0.470344367969568,0.824466665174446,0.642841956209973,1.18853660625516,0.925513606406444,1.94130398156478,0.493426491489572,1.23207155893659,1.29910526538281,1.24572979060987,0.855976052218315,1.2372085605441,0.64542035126811,0.732878304625386
"ENSG00000204131",0.199188632492132,0.129304900896405,0.379665438737831,0.495298060908524,0.770378284877333,0.525289600055109,0.49277039357614,0.943254222393016,0.664307543633132,1.29911849120684,0.329553446757391,0.682166731749372,1.50879438742519,0.535149809930663,0.734454936957359,0.0282018334715509,0.132555961112081,0.332383584492822,0.390568945056543,0.525289600055109,0.500340148479008,0.119507532214367,0.323876460971896,0.205376992360417,0.764103520524961,0.704184243973852,0.544943087635673,0.158304020615893,0.214610043865073,0.510371763651468,0.797257921262305,2.394782262958,1.46562185442761,1.66961960813325,0.428095063800193,0.253950873699462,0.25693311865162,1.86306712613959,1.02949011160945,0.53022812827205,0.861364956837896,0.49277039357614,0.609363905732,0.235926775043306,0.295151535959989,1.16584191950889,0.480065199277125,0.250962451273464,0.192973614868185,0.581348688160567,0.22378437943088,2.07644779468018,1.70826272794797,0.89429748226359,0.280571713692498,0.736593018541811,1.78774028867039,0.819617488835965,0.525289600055109,1.01898833864378,0.590574316359214
"ENSG00000205056",0.352860006085986,0,0,0.452306220472918,0,0,0.941530203389181,0,0,0,0,0.298823751531034,0,0,0.127047396218176,0.186607846809126,0,0.298823751531034,0.186607846809126,0,0.127047396218176,0,0,0,0.064921761069523,0,0.500041147377317,0.151765302125378,0,0.402937665778644,0,0,0.350778631170604,0.63444321106518,0.757384441029766,0,0,0,0.676598468790031,0.916066610843306,0.064921761069523,0,2.58906233507681,0,0,0,0,0.500041147377317,0.351819693977991,2.25529323873995,0.064921761069523,0.243806572756668,0.127047396218176,0.676598468790031,0.528862716838916,0.874293845528424,0.402937665778644,3.948942097947,0.500041147377317,0.452306220472918,0.785779654862009
"ENSG00000205426",0.0669458917306358,0,0.221863399376873,0,0.221863399376873,0,0,0,0,0,0.0669458917306358,0.519927946699591,0,0,0.489258416141628,0.094483363745553,0.388166894796063,0.0669458917306358,0,0,0.0893398389146181,0.039872733225244,0.182855636938682,0.0669458917306358,0.0669458917306358,1.48377990332754,0.130922543014603,1.0007182119148,0.34700726188057,0,1.12923091278414,0.424104880899892,0.388166894796063,0.389213689312776,0,0.279454393281001,0.033861225287604,0,4.28169157289019,1.24578238015866,0.224798208862308,0,0,0.161877494818401,0.161877494818401,1.33091639752683,0,0.171644430643949,0,0.433522139869702,0.232984054920028,0.14988394195298,0.0488432860083082,0.279454393281001,0.279454393281001,0.0669458917306358,2.6149121523046,0.0669458917306358,0.334834388885589,0,0.221863399376873
"ENSG00000205704",0,0,0,4.51189903822697,4.89257092411156,0,0,0,0,0,0,2.15200309330078,5.89616418888088,5.55231330679515,1.72084592867325,2.48351723700874,0,1.10309349286461,0,2.48351723700874,1.10309349286461,1.72084592867325,1.10309349286461,1.72084592867325,3.34840030622232,3.50250034010486,3.17584983523386,2.75290713787669,2.48351723700874,2.15200309330078,0,0,1.10309349286461,1.10309349286461,0,2.15200309330078,0,0,1.10309349286461,0,1.10309349286461,0,0,0,0,0,0,1.10309349286461,0,2.75290713787669,0,1.72084592867325,0,0,1.72084592867325,0,0,2.75290713787669,1.72084592867325,0,2.15200309330078
"ENSG00000206043",0.882476696544125,0,0,0,0,0,0,0,0,0,0,0,0,0,0.507686786754416,0,0,0,0,0,0,0,0,0,0,0,0,0,0,0,0,1.30812229525136,0,0,0,0,1.17970602194896,0.276061086438025,0,3.6791449398315,0,0,0,1.98272200842911,0,0,0,0,1.63637801002914,2.69666005901151,0,0.882476696544125,1.03873239469413,0,0,1.03873239469413,1.53503727555203,0,0,0.507686786754416,0.507686786754416
"ENSG00000206811",1.62130562973967,2.79768379503176,2.79234705632747,0,0.115114945395079,1.1932643124047,0.899444865627153,0,4.39519614390676,2.18984862804994,2.54340655036888,1.00526160383424,2.62549157281452,2.62831335992916,1.2308816552711,2.40051716418902,2.223827484476,1.02787718288735,1.01499743716454,0.832506490192539,1.01930347493546,0.484080786350695,1.22809412701207,1.92252548872505,0.536094100037404,0.0618397452622603,1.75641469355556,1.33904543099391,0.680389375236142,1.62413560828473,0,0.786511816647841,0.676304968405538,1.79710752793288,0.80907080974603,1.3561679695294,1.30064486487308,1.03746209062303,0.676304968405538,0.811555727806297,0.102994123622593,0.294583593116437,0.338322929919867,0.0323168305450734,1.76156451166654,0.365635834865126,0.991081717618145,0.53459076222551,0.666729474415887,0,0.1370753745719,1.22343624527819,1.55240843818066,2.26384535870331,1.39893224579969,0.758451899682498,0.597860139357121,1.97445580878655,1.45563775284289,0.510321834230998,0.696612342864232
"ENSG00000207088",0.742131920412289,1.4879661740264,2.92304540350493,0.805196813513787,2.14989897731361,1.55738499516924,0.458058650933287,0.103985560407822,3.76086536353082,2.84865568504165,2.10046985212519,1.22976723643698,2.56869744635619,1.18304375368587,1.33438185792746,2.2647406216995,1.46744715466473,1.03304433087147,1.5202765957351,0.805196813513787,1.27502486944278,1.36149142857979,1.69695193686719,2.40489334959657,1.08479647329404,0.979366448542269,2.40509693313472,1.61308055066909,0.463542700498657,2.10046985212519,0,1.2260845414394,0.568333909332385,1.79342470400268,0.998381721938408,1.18304375368587,1.61308055066909,1.31890583877214,0.742131920412289,0,0.103985560407822,1.36149142857979,1.11049208784825,0.784062600658085,1.08479647329404,0.208462202865322,1.2611462380728,0.200977387205926,0.534490454501161,0.534490454501161,0.877993618745756,1.57956116532885,1.48642770974745,1.18494203714848,0.805196813513787,0.534490454501161,0.69428890936312,1.36860759457821,1.23618941881675,1.23022691295536,0.979366448542269
"ENSG00000207523",0,2.67611038859288,3.55858708460479,1.23132554613317,2.67611038859288,0,0,0,6.35525532825075,5.46370205593024,1.88582897972426,1.88582897972426,3.85581641105757,4.21114766413496,0,4.21114766413496,3.18379717574776,0,2.33441903882182,0,2.67611038859288,1.88582897972426,0,4.99999999954916,0,0,3.71484278298144,1.23132554613317,0,0,0,0,0,0,0,0,0,0,0,2.33441903882182,0,0,1.88582897972426,2.95217147476349,0,0,0,0,0,0,0,1.23132554613317,1.23132554613317,0,1.23132554613317,0,1.23132554613317,1.88582897972426,3.18379717574776,0,1.23132554613317
"ENSG00000208892",1.95743953768557,1.66119808624061,2.27648512403386,1.86528969085935,1.42340097187156,0,0,0,5.45993987810549,4.07557242966292,3.5914716088896,2.75861058810703,2.20309186512978,2.34632474895951,1.95743953768557,3.43998385623698,0.31070083885998,1.76684987402995,2.34632474895951,1.13851986369027,1.42340097187156,1.42340097187156,2.59610305810995,2.04405517981489,0,0,1.13851986369027,0.971766319214032,0.566201572574728,0.971766319214032,0,2.12576385656729,1.13851986369027,1.13851986369027,0.31070083885998,0.566201572574728,1.28798076289532,2.47661277817475,1.13851986369027,0,0,0,0.971766319214032,1.13851986369027,1.76684987402995,0.31070083885998,0.31070083885998,0.971766319214032,0,0.31070083885998,0.566201572574728,1.13851986369027,1.95743953768557,1.13851986369027,1.54719345776887,0.971766319214032,0,0.783188610458951,0.783188610458951,0,0.971766319214032
"ENSG00000216863",1.0843921874871,0,0.4965578337618,0.291717161077469,0.773691347643259,0,0.570989558484471,0,0.894554820663696,0,0.291717161077469,0,0.570989558484471,0.570989558484471,0.153219311708466,1.27457602745783,0.291717161077469,0.0529019017322621,0.247012388168038,0,0.0529019017322621,0,0.153219311708466,0.41807612358919,0.0529019017322621,0.41807612358919,0.570989558484471,0.153219311708466,0.773691347643259,0.200877929317547,1.03265321694491,0,0.534253654392881,0.534253654392881,0.153219311708466,0,1.27457602745783,2.6039569646734,0.153219311708466,0.200877929317547,0.773691347643259,0,1.69642293102199,0.74182432666619,0.377173936826029,0.335078200544949,0.153219311708466,0.894554820663696,1.76143908709453,1.92645676353045,0.773691347643259,0.534253654392881,0.247012388168038,0,1.76143908709453,0.804869658827204,0.291717161077469,2.27708849644872,1.40238028418206,0.74182432666619,0.978989506451727
"ENSG00000224506",0.74836786013345,0,0,0,0,0,0,0,0,0,0.314245846076178,0.33770316598848,0,0,0.212244589778995,0.0432327683343582,0,0,0,0,0,0.165662137369498,0.0432327683343582,0,0.0432327683343582,0,0,0,0.204267142421656,0,1.52909721961725,1.90137388688904,0,0,0,0,0,2.44807161394505,1.01521623712915,0,1.08969128142196,0,0.33108974283996,0,0.125995631898951,0,0,0,0,0.0432327683343582,0.288964684544144,3.34082389321617,1.67792944186213,0,0.165662137369498,1.23939764560446,2.54360034585978,0,0.540802839748187,0.980717128403481,0.134416546745248
"ENSG00000224769",2.69200725491369,0,0.268110398200229,3.44598938035251,2.37169063444984,2.61161269538748,1.62057327412591,0,3.09598611490003,0,3.07323674838191,2.49441282741432,0,0,2.07573589925264,2.16319277217206,2.05567757031174,0.595096687675911,2.50794398964409,3.88780331659201,2.89972541337427,2.78257405604222,0.508687373264745,2.92729445682012,2.1051387973301,0.359361369889444,0,1.84383531114895,1.10968244475928,1.85609524133573,0.281504970312725,0.424475464940733,0.523111452749411,1.05613473463266,1.68338465657519,0,0.17592150718174,1.30656325613239,2.81328982816005,1.00859969343995,2.48312693141537,0,1.18936227726948,0,0.268110398200229,0.350144977157697,0,0.515917439947885,0,1.36148985310055,0.658069377891008,0.220857299126879,0.476225660670486,0,0,1.23388773691732,1.54534392845884,0.548515420821018,1.84506600308942,1.53724539169287,0.440847696362591
"ENSG00000228590",0.132215195128246,0,0.25332428040869,0.365049363901477,0,0,0,0,0,0,0,0.565476453295878,0,0,0,0,0.25332428040869,0,0.25332428040869,0,0,0,0,0,0,0.132215195128246,0,0,0.25332428040869,0,0,0.898229322233532,0.468740666705636,0,0,0,0,0,0.365049363901477,0,0.25332428040869,0,1.91963821484028,0,0.970671334748091,0,0,0.468740666705636,1.16843538293221,2.53574482932343,0,0.821956580191388,0,0,0.898229322233532,0.365049363901477,0.565476453295878,3.99748537619588,0.25332428040869,0.656131491208874,0.970671334748091
"ENSG00000230246",0.400111173018961,0,0,0.400111173018961,0,0,0,0,0,0,0.512121812004403,0.512121812004403,0,0,0.146051082106129,0.278666446133093,0,0.616059018797065,0,0,0.146051082106129,0,0.278666446133093,1.11895890739619,0.278666446133093,0.400111173018961,0,0,0.713008778893093,0,0,1.54481057221769,0,1.78673862969726,1.18804535426631,0,0.616059018797065,2.90664597746879,0,0,0,0,0,0,0,0,0,0,0,2.37041686037781,0,1.34270082062585,0.803851701398937,0.146051082106129,0.616059018797065,1.61824091644249,1.82888147284282,0.704545242890331,2.45862007224398,0.616059018797065,0.962123374910492
"ENSG00000231749",0.186623441377365,0,0,0,0,0,0,0,0,0,0,0.500078796098811,0,0,0.186623441377365,0.500078796098811,0.186623441377365,0.186623441377365,0,0,0,0,0.9757611680941,0,0.186623441377365,0,0.500078796098811,0,0,0.634488945509679,3.67109399614308,0.500078796098811,1.07366634743735,0,0,0,0,0,0.186623441377365,0,0,0,1.25154904965281,0,0.500078796098811,0,0,0,0,0.9757611680941,1.16534755620698,0.351847509386383,2.24310271383459,0.9757611680941,0.351847509386383,0.757436938467902,1.44250610948513,0.9757611680941,0.351847509386383,2.50977077247861,0
"ENSG00000234418",0.639282142156483,0,0,0.152521954704638,0,0,0,0,0,0,0,0.416334303788413,0,0,0,0,0,0.290449863728193,0.152521954704638,0,0.919977916618165,0,0,0.532110617988878,0.152521954704638,0,0.739039922229946,0.639282142156483,0.290449863728193,0,0.532110617988878,0.290449863728193,0.152521954704638,0.639282142156483,0,0,0.532110617988878,1.64094711051164,0,2.81179626487781,0.152521954704638,0,0,0,0,0.832343642593209,0.739039922229946,0.739039922229946,0,2.53479970603858,0.532110617988878,2.50676777049071,0,0,1.74059371378649,1.35679235816589,1.29256991542415,0.152521954704638,2.04345025593772,0,0.416334303788413
"ENSG00000234810",0,0,0,0,0,0,0,0,0,0,0,2.50517778351608,0,0,0,0.148962639353274,0,0.283973743941919,0.148962639353274,0,0,0,0.148962639353274,0.148962639353274,0,0.724765140606625,0,0.148962639353274,0.148962639353274,0,1.61667136060531,0.984733243039733,0.283973743941919,0,0,0,0.903173614018348,0,0.724765140606625,4.34776510458826,0.283973743941919,0,0.724765140606625,0.283973743941919,0,0,0.724765140606625,0.283973743941919,0,1.61667136060531,0,0.816725445085471,0,0,0.816725445085471,0.903173614018348,0,0.521138923589818,0,0,0
"ENSG00000235795",0.444099964585369,0,0,0.16369842738693,0,0,0,0,0.16369842738693,0,0.971766319214032,0,0,0,0.310700840023153,0.971766319214032,0.310700840023153,0.880556447546001,0.310700840023153,0.678770716177838,0.783188611297274,0,0.783188611297274,0,0.880556447546001,0,0.880556447546001,0.444099964585369,0.16369842738693,0.678770716177838,1.8169092287899,1.48662458132433,0.678770716177838,0,0,1.057551022675,0.16369842738693,1.42340097240944,1.057551022675,2.38001633411806,0.566201572574728,0,0.310700840023153,1.057551022675,0,0.783188611297274,0.971766319214032,0.971766319214032,1.54719345776887,1.057551022675,0.783188611297274,1.057551022675,1.28798076289532,0,1.057551022675,1.8169092287899,0.678770716177838,1.21518493714395,0.783188611297274,0,0.971766319214032
"ENSG00000237359",0.280401537836764,0.478516555810644,0.778300748627811,0,0.322260858553932,0,0,0,0,0,0.0996466027244377,0.441010422219877,0,0.893852595570705,0.0996466027244377,0.778300748627811,0.192853064408671,0.441010422219877,0,0,0.280401537836764,0.147002412404717,0.550724598825062,0.40250314558039,0.192853064408671,1.17084915423093,0.322260858553932,0.716858020790525,1.14775362011174,0.585517063237584,0.921350228135989,0.550724598825062,0.40250314558039,0.192853064408671,0,0,0,0.685126662417868,0.478516555810644,1.65321080136172,0.515072288974658,0,0.478516555810644,0.147002412404717,0,0.921350228135989,0.441010422219877,1.14775362011174,1.47911357449062,1.71736414055318,0.948333546656985,2.24924060616097,1.32292615456218,0.192853064408671,1.47911357449062,1.71736414055318,1.70159126374969,1.28108641530926,1.32292615456218,1.40313245611106,1.21595978447693
"ENSG00000237914",0,0,1.28141293528561,0.562594687767842,0,0,0,0,0,0,0,0.347696803438894,0,0,0,0.26830934740059,0,0,0.422942697730777,0,0.26830934740059,0,0.184297734894015,0.0950897683416118,0,0,0.184297734894015,0,0.0950897683416118,0.184297734894015,0,1.57328928857418,0.422942697730777,0,0.562594687767842,0,0,0.184297734894015,0.422942697730777,0,0.0950897683416118,0,2.13966378671673,0.26830934740059,0.86202078441667,0.627658143935172,0,0.422942697730777,0,0.86202078441667,0,0.562594687767842,0.915111102632077,1.32129380386329,0.494457811746498,0.627658143935172,0.347696803438894,4.16710379334937,0,0,0.562594687767842
"ENSG00000240602",0.150214575142842,0,0,0.219836716542319,0,0,0.150214575142842,0,0,0,0.0770614636558404,0.349746038816732,0,0,0.150214575142842,0.0770614636558404,0,0.468917739525134,0,0,0,1.27890579873449,0.991035155483455,0.578992131661038,0.822233810554854,0.410562040403825,0,1.03032045126792,0.286253115935685,0.525004484674878,0,0.219836716542319,0.0770614636558404,0.468917739525134,0,0.468917739525134,0.410562040403825,2.89131594432266,0.150214575142842,1.0685642866596,0.578992131661038,2.0259382110344,0.286253115935685,1.0685642866596,0.150214575142842,0,0,1.0685642866596,1.31116357658973,0.219836716542319,1.21214232446084,2.30755748120975,0.631032149070894,0.219836716542319,0.631032149070894,2.08310037977956,0.950650083742812,0.0770614636558404,0.866321565118199,1.54614325168199,0.866321565118199
"ENSG00000243546",0,0,0,0,0,0,0,0,0,0,0,0,0,0,0,0.216987038411837,0,0,0,0,0,0,0,0.405564746829632,0,0,0,1.55956228401629,0,0.57231829169753,0,0,0,1.91041120553212,0,0,0,0,0,3.56977609693829,0.216987038411837,0,0.405564746829632,0,0,0,2.14024759491585,0,0,0.57231829169753,1.20064830126628,0.405564746829632,1.47785360739493,0.57231829169753,1.63689029277473,0.57231829169753,1.71028355155756,0.57231829169753,0,1.97139308020727,0.857199399913699
"ENSG00000244107",0,0,0.691605060695437,0,0,0,0,0,0,0,0.317340825354954,0.317340825354954,0,0,0.0861151570982564,0.635588573260478,0,0.244307197126913,0.167378319311574,0,0,0.57730892811633,0.317340825354954,0.386854730912668,0.453172628115434,0,0,0.57730892811633,0.57730892811633,1.15714639661833,1.98272200842911,1.11679776173905,0,1.68449817414383,0,0,0.386854730912668,2.39068078585344,0,0,0.0861151570982564,1.15714639661833,0.317340825354954,0.988504361069838,0,0,0.896164188929329,0.453172628115434,0,0.0861151570982564,0.691605060695437,1.98272200842911,1.15714639661833,0,0.943072931450644,1.84130225384674,1.98272200842911,0,1.37807117281036,1.81632338544137,0.943072931450644
"ENSG00000250493",0.624004601290711,0,0,0,0.107429075484797,0,0,0,0,0.761932510104982,0.549758266652674,0.624004601290711,0,0,0,0,0,0,0.388715186464047,0,0.207409956387776,0.388715186464047,0.471482646439842,0.107429075484797,0.946866177466194,0.471482646439842,0,0,0.300908805713844,0.300908805713844,2.90569084932943,2.60933995961798,0.300908805713844,1.91954694378641,0,0,2.16311320844126,1.82827500470904,0.107429075484797,0,0.207409956387776,0,0.388715186464047,0,0,0.107429075484797,0,0,0,1.55221391829434,0.300908805713844,1.43335910132658,0.300908805713844,0,0.69461624124412,1.43335910132658,1.05817396067152,0.107429075484797,1.43335910132658,0.549758266652674,0
"ENSG00000250891",0.559034035977309,0,0,0,0,0,0,0,0,1.7512118441313,0,0.773931920417104,0,0,0.559034035977309,0,0,0.438252212789571,0.161333853288555,0.161333853288555,0,0,0,0,0.161333853288555,0,0,0.438252212789571,0.161333853288555,0,1.69959232012478,0.161333853288555,0.438252212789571,1.80104804826979,0,0,1.5904584886296,0,1.27491602845632,2.88544023571777,1.12644833532669,0,1.64605709779909,0,0,0.438252212789571,1.80104804826979,0,0,2.32852077209474,0,0,1.12644833532669,0,0.773931920417104,1.40952049451856,0.306427000910804,0.670480571512807,0.773931920417104,0.559034035977309,0.306427000910804
"ENSG00000251244",0,0,0,0,0,0,0,0,0,1.02793687632526,0.33316784563285,0,0,0,0,0,0,0.518999238489036,0,0,0,0,0.230429739735479,0,0,0.33316784563285,0,0,0,0.230429739735479,0,0,0.230429739735479,2.12997368685663,0,0,0,0,0.83133378504187,0,0.429073558875911,0,2.15823591539288,1.70105956518048,0.119810568026051,0.230429739735479,0,0,1.25427648215351,1.30571786764416,0,0,3.40758821905063,0.230429739735479,0,0,0.33316784563285,0.899888514661226,0.429073558875911,2.36637106010017,1.62209273107125
"ENSG00000252947",1.83268082178438,2.61446649523178,3.81415208415707,1.83268082178438,0.329064276045603,0,1.1896612197963,3.55585670943438,3.67639424451949,0,3.35376654786156,1.83268082178438,3.86577160861007,1.48201619913564,1.01777470213429,3.35376654786156,1.93288580445061,0.822603748863631,2.83769308533455,2.11455976446384,1.60861376885227,1.83268082178438,1.83268082178438,2.61446649523178,0,0.822603748863631,1.60861376885227,1.01777470213429,0.329064276045603,0,0,0.596836600804475,0.329064276045603,0.329064276045603,0.822603748863631,1.48201619913564,1.1896612197963,0,0.329064276045603,0,1.48201619913564,0,1.60861376885227,2.42098676565678,1.83268082178438,0,0.822603748863631,0.596836600804475,2.02658059935498,0,0.596836600804475,1.83268082178438,1.34323160829766,1.34323160829766,1.34323160829766,1.1896612197963,0,1.34323160829766,0.329064276045603,0,0
"ENSG00000256229",1.1769885408571,0.0439685507448735,0.0654603201984823,0.51147346999282,0.51147346999282,0.0866366227630045,0,0.0654603201984823,0.801324463351149,0.503622392786287,0.839249382688527,1.10097513023659,0,0.371821478901117,0.158397678549822,0.0439685507448735,0.107506583125566,0.0866366227630045,0.0866366227630045,0.168363967799873,0.439226537374625,0.292024724604664,0.328035889841329,0.0221517700947665,1.1917221708542,0.41431723182451,0.788457994861611,0.0866366227630045,0.188092349842534,0.550100482659581,0.463713052954229,3.07104068868394,0.527048597809182,0.310142663812625,0.550100482659581,0.255091620495032,1.78762394658957,1.55672455097714,0.128078939606078,0.158397678549822,0.503622392786287,0.65305829963129,0.519282052153436,0.188092349842534,0.0547544553537591,0.722346004738739,0.128078939606078,0.0331014005559786,1.59047263453437,0.41431723182451,0.729095212725898,2.06339440855561,0.947385888072768,1.26785692272254,0.217188129716575,1.09576228638799,1.15710667626401,0.912233339909058,0.463713052954229,0.487790890501053,1.67678867906231
"ENSG00000259100",0.322614341711128,0,0.0507444147787722,0.51560242170323,0,0,0.322614341711128,0,0,0.779036892208117,1.32398585800566,0.322614341711128,1.02728016854362,0,0.479014987419295,0.158786252013763,0,1.12523790607656,0.586106065107166,0,0.441475480995698,0.193074020458904,0.620106563950183,0.703028734089257,0.748620688366085,0.717549386399999,0.147173484005128,0.60829732055636,1.12523790607656,0.586106065107166,0.402933026268065,0.779036892208117,0.551284884413421,0.586106065107166,1.4042303059951,0.717549386399999,1.36466592206824,2.04072921772182,0.441475480995698,0,0.363332555709645,0.748620688366085,1.02728016854362,0.280713448036585,2.21770322229493,1.17183043848911,0.653324176299193,0.792815876521742,0.553749913552699,0.949184103873606,1.12523790607656,0.890216348953205,0.975688634604393,0,1.78093859706268,1.34243396534289,1.05240018162798,0.453971818490406,1.37386228165262,0.949184103873606,0.917269287514173
"ENSG00000267215",0.635588574189109,0.244307198344866,0.244307198344866,0,0,0,0,0,0,0,0,0,0.244307198344866,0,0.453172628115434,0.635588574189109,0.244307198344866,0,0,0,0,0,0,0,0.943072932201024,0,0,0,0,0,0,0.797507136022205,0,0,0,0.244307198344866,3.69977899231777,2.58066236325308,0,2.33900160809694,0,1.07528812720643,0,1.91374426670428,0.244307198344866,0,0,0.943072932201024,0.244307198344866,1.59920442341031,0,0,0.244307198344866,0,0,0.244307198344866,1.19639721301335,0,0.244307198344866,0,0
"ENSG00000267641",0.679821687447316,0,0,0,0,0,0,0,0,0,0,0,0,0,0,0,0,0,0,0,0.679821687447316,1.03801332575938,0,0,0,0.202242721848962,0,0,0,0,0,3.09157660240965,0,0,0,0,0.679821687447316,2.29649304744551,0.202242721848962,0,0,2.78008581057069,0,0,0,1.23534040986747,0,0.202242721848962,0,0,0,2.57676867331622,1.48842515546223,0,0.379588663511414,0.679821687447316,1.32472672827918,0.537501147333341,0.537501147333341,0.809354500143555,0.679821687447316
"ENSG00000267758",0.317340825354954,0.847678816545057,0.244307197126913,0.0861151570982564,0,0.167378319311574,1.30812229525136,0,0,0,0,0.847678816545057,1.19639721238381,0,0.386854730912668,0.317340825354954,0.516575525180636,0.386854730912668,0.57730892811633,0.244307197126913,0.244307197126913,0.386854730912668,0.635588573260478,0.0861151570982564,0.453172628115434,1.03254869342041,0.943072931450644,0.516575525180636,0.453172628115434,0.57730892811633,0.57730892811633,1.11679776173905,0.453172628115434,0.386854730912668,0.896164188929329,0.167378319311574,0.847678816545057,0.943072931450644,0.317340825354954,0.0861151570982564,0.386854730912668,2.26708391147311,0.244307197126913,1.41181359801726,0.167378319311574,0.244307197126913,0,0.167378319311574,1.47701936974157,1.19639721238381,0.691605060695437,0.988504361069838,2.0269405426778,1.98272200842911,1.15714639661833,0.797507136022205,0.691605060695437,1.37807117281036,1.71184448106381,1.47701936974157,0.386854730912668
"ENSG00000268027",0.555518723126137,0,0.701560257802025,0.209847168559132,0,0,0,0,0,0,0,0.555518723126137,0,0,0,0,0,0,0,0,0.393011192804575,0,0,0,0,0,0.834167753330527,0.209847168559132,0.393011192804575,0,0,2.46999119047877,0.955605880348499,0,0,0,0.701560257802025,0.209847168559132,1.06761090618249,0,0,0,2.38605843223181,0,0.209847168559132,0,0,0,0,0,0.955605880348499,0.209847168559132,0.834167753330527,0.555518723126137,0,0.955605880348499,0.555518723126137,3.42049192936142,1.5254614890788,0.209847168559132,2.25022662966182
"ENSG00000269930",1.11841415792307,0,1.25275515079886,0,0,0,0,0,0,0,0,0.792890427121005,0,0,0.219397303452254,0,0.0851138273703501,0.219397303452254,0.469196487684358,0,0,0,0.614020175176126,0.598454262788777,0.281150698845296,0.391844156576719,1.11075384342927,0.364496734482321,0.773614530739387,0.766667385835659,0,1.33958386016405,1.23373699559284,1.4320588535677,0,0.409791956408043,1.32073516531807,2.04977182085929,0.377323402085967,0.673171545738938,0.477729749540267,0,0.503030814628935,0,0.861008986395505,0,0.717077502658068,1.24976890114592,1.21037446173819,2.02378533942852,1.63718147512452,1.56853705016242,1.59544730454473,0.165484758235919,1.19286004422609,0.469196487684358,1.46933452232844,1.00610213445093,1.22362582524658,0,0.610920399733295
"ENSG00000271303",0.70224530985202,1.47199395824504,0.995723232865365,0.459108065077694,1.46001383319152,3.07860174717941,0.800526428384868,0.544788155232065,1.53044627911616,2.27916560446923,1.10233246809439,0.64695603923465,0.482984513503453,1.92551235729483,0.819404030053053,1.00124500619244,1.01768464245372,1.26264882953018,0.950771308743245,1.19197766838726,0.596776316051767,0.490856317352601,0.76201362493599,0.995723232865365,1.43166715444126,2.25394599471154,3.39823642331337,1.79171385943809,1.03931675053565,1.96842952785989,0.451060622086366,0.76201362493599,1.96842952785989,0.892537200724434,0.350818192358799,0.973422342279113,0.722444456456192,0.64695603923465,1.52662228060038,0.709009830823748,0.97902996622272,0.0218968930758596,0.342141563537016,0.297957979900409,1.53426016805627,1.05001237490575,0.868569047349433,0.582112732262773,1.65477554418201,0.709009830823748,0.596776316051767,0.74236469566617,1.44793339222129,1.40691866606397,1.45599824877079,1.36041348073626,1.27637693633897,1.13785934945171,0.695448922749785,0.521920929239032,1.060629288228
"ENSG00000271395",0,0,0,0,0,0,0,0,0,0,0,0,0,0,0,0.602958930126285,0,0,0,0,0,0.474172623457431,0,0,0,0,0,0,0,0,0,2.43563975182839,0,0,0,0,0,0,0,4.00414405489483,0.602958930126285,0,0,0.175948789107486,0.175948789107486,0,2.50321032827433,1.55856481087172,0,0.474172623457431,0,1.55856481087172,0,0,0,0,0.332752868846056,0,0,1.35416176203632,0
"ENSG00000271810",0,0,0,0,0.330526357504157,0,0,0,0,0,0,0,0,0,0,1.01105390043505,0,0,0,0,0,0.432900025794829,0,0.55365674791716,0.0936788765515268,0,0,0.943291579389402,0,0.127596784692061,0,0,0,0.457873529408647,0,0.249228200203924,0,0,0,0,0.206793993988921,0,0.303226277415289,0,3.05529449022008,2.14452853172252,0,0.517565661646299,0.78074742345008,0.18624946375446,1.98451733265527,0.80939073033296,1.3800945573567,2.06736444624904,1.28882755823784,0,1.74801112051769,1.28453865825924,0.144261320386401,1.26290079346249,1.9189294869805
"ENSG00000273489",0.442714289317102,0.390298001241614,0.262212232172934,0.34992467095354,0.892368965431721,0,0.726129008966234,0,0,0.512481131461212,0.593031824018074,0.770217838733202,0.0384070774133146,0,0.597400111255447,0.34987672650084,0.395370673990917,0.60577602491441,0.456494950787928,0.269986375073881,0.528624732103158,0.432472833503564,0.0969396633081525,0.568272482989852,0.707690197491119,0.674614436824359,0.372331051707589,0.899461825825609,0.797825173718759,0.632627288322052,0.810945696076702,0.629826336872902,0.819626885044596,1.00394464219801,0.182075973675425,0.718907966126426,1.65203046513541,2.06799746109538,0.371811709907181,0.244320707822966,0.650215515625317,0,0.395417130176354,0.228553227421988,0.794024225314975,0.291114300094779,0.35083530503651,0.684001026835071,0.902276157685662,0.515861091232382,1.52642659975072,1.4805460758436,1.06468144847158,0.702292554328789,1.65701858517678,2.20534106210112,0.925689407034612,0.461917334876401,1.08774896685391,1.68254153838129,1.24525640994838
"ENSG00000273771",0.783188611297274,0,0,0,0,0,0,0,0,0,0,3.84892857964251,0,0,0,0,0,0.194321656365564,0.194321656365564,0,0,0,0.656948613504326,0.365549316433687,0,0,0.518593691573849,0.656948613504326,0.518593691573849,0,3.03725961864265,0,0.518593691573849,0.656948613504326,0.783188611297274,0,1.44902384344686,0,0.194321656365564,0,0.518593691573849,0,0.518593691573849,0,0,0,0,0,0,2.01003036522889,0,1.20017438224345,1.37074822334163,1.66119808669675,0.365549316433687,1.78708252715772,1.72551289994879,0.194321656365564,0.783188611297274,1.78708252715772,1.95743953768557
"ENSG00000274767",0.283270013971346,0.901340296236626,0,0,0,0,0,4.34401597341736,0,0,0,0,0,0,0,0,0,0,0,0,0,0,1.05987473913705,0,0,0,0.283270013971346,0,0,0,0,0.723209305309787,0.283270013971346,0,0,0,0,0,0.901340296236626,3.39859724710341,0.283270013971346,0,1.41124631850336,0,0.283270013971346,0,1.75977417035861,0,0,1.33265106097993,0.283270013971346,0.519944618428142,1.28720552494945,1.93370531440595,0,0.901340296236626,1.2820665064497,1.45185772270735,0.283270013971346,1.93370531440595,1.45185772270735
"ENSG00000277268",0.2040916042006,0,0,0,0,0,0,0,0,0,0,0,0,0,0,0,0,0,0,0,0,0,0,0,0,0,4.35409810039612,0,0,0,1.57312736424616,0,0,0,0,0,0,0,1.49749965959104,0,3.78290187808645,0,3.17854280907031,0,0,1.84130225384674,0,0,0,1.24345403697181,0,0.541893778887561,0,0,0,0.685126662417868,0,0,1.24345403697181,0,0
"ENSG00000278704",0.0955399619237744,0,0.206770494326218,0.178985167573667,0,0.458641587158959,0.312850995115801,1.10081371462543,0,0,0,0.062161907816555,0,0,0,0.260785529002372,0.062161907816555,0.062161907816555,0.234030789141018,0.0922664858824368,0.548244666899773,0.150654188200895,0.178985167573667,0.481569460774734,0.0314157270068214,0.0314157270068214,0.150654188200895,0.462104083127356,0.181507876164978,0.210069056955034,0.977199260027809,0.769319315306775,0.0314157270068214,0.591042180369916,0,0.0922664858824368,0.731562389363735,0.63260659949205,1.78392358954623,0,1.4303494423049,0,3.70995056737936,0.63260659949205,0.150654188200895,2.50260640509721,0,0.062161907816555,0.591042180369916,1.3074136230956,0.569802116702308,0.484296480145124,0.548244666899773,0,0.0922664858824368,0.445874191782621,0.312850995115801,0.234030789141018,0.684712169834458,0.504138649620083,0.787833575768426
"ENSG00000278962",0.427524119179277,0,0.517179306369147,0,0,0,0,0,0,1.14223845237134,0.719605405516208,1.4910056456549,0.119330777414512,0,0.473048044922538,0.863298865010254,0.119330777414512,0.119330777414512,0.681328836745757,0.281641509604375,0.517179306369147,0.175487956330126,0.0608988247939052,0,0.281641509604375,0,0.681328836745757,0.119330777414512,0,0.119330777414512,0,0.427524119179277,1.14223845237134,1.05511647254983,0.793240392714384,0.642008999790177,0.427524119179277,0.897092284753565,0.119330777414512,0,0.380516759410759,1.14223845237134,0.793240392714384,0.229540859968833,0.601587425597357,0.281641509604375,0,0.517179306369147,1.39965600290525,0.756892638279452,0.642008999790177,1.17014793189706,1.6775701851522,1.57691397195232,0.681328836745757,1.95930068483655,1.25077608376427,3.02042171029888,0.56000058882208,0.331926021931399,1.11377838459418
"ENSG00000279332",0.549712670221424,0,0.761873469156788,0.430655241750152,0,0,0,0,3.76947880222557,0.158270493605187,0,0,0,0,0.158270493605187,0.549712670221424,0,0.549712670221424,0.430655241750152,0,1.11068752128376,0.430655241750152,0.857296089314146,0,0.158270493605187,0.761873469156788,1.11068752128376,1.39137151436351,0,0.430655241750152,0,0.857296089314146,0.300881715700214,0,0,1.32615242855585,0.430655241750152,1.57100933936522,0.549712670221424,2.40171191594249,0,2.23583520645342,0.430655241750152,0.549712670221424,0,0,1.45376935763786,0.549712670221424,0.158270493605187,0.158270493605187,0.659689570811756,1.90432698154238,1.11068752128376,1.25784484988503,1.54200605667551,0.946796927698313,1.39137151436351,1.13068839565629,1.03106822646116,1.03106822646116,0.857296089314146
"ENSG00000280392",0.794515493817929,0.876022024011542,0.695352389925107,0.806445021730694,0.510814929006333,0.915111102632077,0.770356362426307,0.788513533163966,0.221099233744537,0.669458775283069,0.56097053240365,1.23497622260142,0.714472105767618,0.307580844762686,0.931544697672765,0.974473884764321,0.847438263833541,0.656335577864664,0.870350398507521,0.629725544697414,0.595757584945412,0.546817398225819,0.90405044617745,0.864656388275965,0.770356362426307,0.739577171096278,0.931544697672765,0.915111102632077,0.720789446932116,0.727079245983726,0.800492588276145,0.788513533163966,1.01101681577967,0.887298820033995,0.947793206352519,0.443655933520794,1.19922772871767,1.12971382214702,1.06663428390544,0.979751316492653,1.04665694836278,1.03656357717543,0.841652919386135,0.93698122650654,0.958524760410701,1.14858080559771,0.75812337192394,1.05668019471236,0.870350398507521,0.682463674427124,1.17642656762299,1.00585272674775,1.28699101961336,1.12018699120869,1.05668019471236,1.26121802551262,1.20374503409132,1.11539988001235,0.942397344924405,0.915111102632077,1.00067008585046
"ENSG00000283994",0,0,0.917537839892891,0.41503749891817,0,0,0,0,0,0,0.41503749891817,0,0,0,0.152003093300781,0,0.530514716254874,0,0,0,0,0,0.152003093300781,0,0.152003093300781,0.530514716254874,0,0.530514716254874,0,0.530514716254874,1.95935801554387,0,0.917537839892891,0,0.63742992102749,0,0,0,0.41503749891817,0,0.152003093300781,0,2.07800251192534,0,0,1.07800251192534,0,0,0,0.530514716254874,0,0,1.41503749945918,2.03952836414765,0.41503749891817,0.830074998738024,0.530514716254874,3.8073549220576,0.63742992102749,0.830074998738024,0.830074998738024
"ENSG00000286329",0,0,0,0,0,0,0,0,0,0,0,0,0,0,0,0,0,0.0971562369843982,0.0971562369843982,0,0,0,0,0,0,0,0,0.273800836649232,0,0,0,0,0,0,0,0,0,0,0.18818041153373,0,4.03522848848895,0,0,0,0,0,0,1.37975801212925,2.92940803215292,0.982057829379915,2.57193582049034,0.0971562369843982,0,0.762671307947847,0,0.0971562369843982,0.18818041153373,0,0,0,0.431157164918637
"ENSG00000286471",0.615381491354301,0.159519337912929,0.151948681752597,0.0659389452825374,0,0,0.648039728582585,0,0,0.488881642386895,0.494878773515063,0.113487769964878,0.233117964638856,0.0659389452825374,0.716360794766244,0.825084413102945,0.136687135301724,0.506798763670315,0.268555564091392,0,0.1819958187026,0.303143522689491,0.336921627509537,0.356815283708797,1.03308029948823,0.189410831067891,0,0.395798084879181,0.75185142710048,0.853367493921196,1.41469739361027,2.01427987055132,0.167050473752972,1.98048485468422,0.20412749201507,0.427497954796172,1.35000106590271,2.37124209034436,0.240275463674463,0.261537339399513,0.0899092400124824,0.810732191377041,0.128995389739153,1.4490813121575,0.559252507151674,0.0819633109576758,0.356815283708797,0.309962707602701,0.225924777460013,0.174542498460396,0.801084103470418,1.9326849895842,1.06970255565593,0.0497345906387893,1.06567902296511,1.40517597110383,1.88781200050111,0,0.834573848680828,1.24361117704444,0.427497954796172
"ENSG00000286889",0.863449484198395,0,0,0,0,0,0,0,0,0,0,0,0,0,0.348377194865314,0,0,0.184678768574095,0,0,0.348377194865314,0,0.750880340522009,0.348377194865314,0.184678768574095,0,0,0.495379607641532,0.348377194865314,0,0,1.15644508748893,0.863449484198395,2.0015879967794,0,0.967867379380873,0,0,0.495379607641532,0,1.845876854525,0,0.184678768574095,0,0,0,0,0.495379607641532,2.94328935634844,2.7807818264513,0,2.09677899824714,0.348377194865314,1.67130334946465,1.06523521577857,0.348377194865314,0.967867379380873,0,0,0.863449484198395,0
"ENSG00000287684",0,0,0,0.750107516171524,0,0,0,0,0,0,0.572486537171309,0,0.474739763549556,0,0,0.474739763549556,0,0,0,0,0,0,0.369885921258964,0.256809910274274,0.134111673327632,0.369885921258964,0,0,0,0,0,0,0.474739763549556,0.981245361986461,0,0.572486537171309,0,0,0.256809910274274,0,0,0,1.78293985193428,0.369885921258964,0,0,0.134111673327632,0.908237968931659,3.95650807653848,1.60679966425519,0,0.134111673327632,1.24113015410945,0,0.474739763549556,0.831338197453357,0.256809910274274,2.69179998311963,0,0.369885921258964,0.134111673327632
"ENSG00000287714",0,0,0.584962500721156,0.37851162325373,0,0,0,0.137503523749935,0,0,0.485426827170242,0,0,0,0.584962500721156,0.584962500721156,0,0.137503523749935,0.37851162325373,0,0.263034405833794,0.263034405833794,0.37851162325373,0.137503523749935,0,0,0,0.84799690655495,0,0,0,0,0.925999418556223,0.137503523749935,0.263034405833794,0,0.678071905112638,0,0.37851162325373,2.70043971814109,3.32192809488736,0,0.765534746362977,0,0,0.485426827170242,0,0,0,1.43295940727611,0.137503523749935,1.88752527074159,1.96347412397489,0.37851162325373,0.765534746362977,0,0.925999418556223,2.23266075679027,0.37851162325373,0,0
