"","X1","X2","X3","X4","X5","X6","X7","X8","X9","X10","X11","X12","X13","X14","X15","X17","X19","X20","X21","X22","X23","X24","X25","T05_3_044","T04_1_070","X26","X27","X29","X30","X31","X32","X33","X34","X35","X36","X37","X38","X39","X41","X42","X43","X44","X45","X46","X47","T01_1_016","T03_1_048","T03_2_045","T03_3_085","T04_2_044","T04_3_028","T05_1_034","T07_2_060","T08_1_161","T08_2_164","T08_3_020","T09_3_077","T10_1_291","T10_2_117","T11_1_015","T11_3_146"
"ENSG00000072062",1.0857174773103,0.896452802768511,1.39311532242508,1.34925800288818,1.41455394156582,0.710421754824883,0.750822964022451,0.201802016921467,1.38918293167918,1.35531763418119,1.15451498498239,1.00835602073669,1.5789333184904,1.36736107131606,0.874117455653988,1.01857435446147,0.816717740168103,1.0686078053009,1.35128070908937,0.992891521478416,1.36135191956908,0.9266099973302,1.67895800718562,1.57720605703098,1.05873896844955,0.578501696957878,0.868479167428467,1.51721376158119,1.25948454506147,0.44849002576377,0.807907361054794,1.43758381582031,0.921173551280714,1.34317281300971,0.865651738866853,1.14987422517314,0.232852763653084,0.713570026585146,0.813786921564711,1.12880406492317,0.753884386839653,0.514959902915363,0.747755030138845,1.2246009104481,0.950823628751472,1.19787325949168,0.862818758159492,0.609253022145157,0.719846035017537,0.729209150379336,1.43186072033031,1.20460173696274,1.14754823521101,1.14754823521101,0.97463756781756,1.00064449184076,1.24867374106792,1.10022312137537,1.14987422517314,0.99548047751671,1.15682977948646
"ENSG00000077232",0.826959397800164,0.612136737544022,0.590346782465816,0.2952423325052,0.499998495933063,0.285029454070171,0.351020477087756,0.643276415507786,0.5315947747042,0.765511496720733,0.460772662732856,0.529051656847523,0.824205108220932,0.630758763621656,0.972572549145543,0.534640610707798,0.246228890049224,0.715736585654091,0.677666986588134,0.269573286133362,0.5315947747042,0.271704550656254,0.694786587262708,0.772096976360528,0.512926098177012,0.573168540846482,0.418802870000575,0.794904862806572,1.22046244764177,0.533118496008288,0.629572227361613,1.68774200370672,2.55022448467391,0.715289233992,0.341486145644578,0.464237837460704,0.24715757707437,0.500517830452023,0.800210864695599,1.22790342533701,0.538969845768004,0.30300368850023,0.435737580878922,1.18342295698337,0.891342315984282,0.667759340324054,0.589126525465169,0.288040753895423,0.696147419894156,2.23044155796662,1.03484676131707,0.320462636819502,0.990429894656657,1.815845925627,0.749335726299162,2.35778488690781,0.482394603645413,0.684767735699264,0.742107384880873,0.688845149696306,0.45462150760801
"ENSG00000078549",0.0649842407950571,0.0171795134686938,0,0.00663173677422618,0.370753005452599,0,0.0198044527945787,0,0,1.30436212696938,0.0675237000363357,0.794446472995696,0.0560607632853954,0.0814113867912904,0.185611680075289,0.222540125549612,0.00132878807413489,0.00927592014200759,0.113714970043427,0.0132331298480457,0.0145497908675848,0.216831999502138,0.152505223920683,0.0788962768572398,0.0393407192781903,0.411302962710269,2.72241678663504,0.0662545291661792,0.882890882103629,0.0470817478435161,0.00132878807413489,1.65102890968159,1.59051558735436,0.0662545291661792,0,0.0445060177908042,0.191444425714986,0.160853333589185,0.021115132917698,0,1.25619890532788,0.0263459797282264,0.0367511177070211,0.198412733051253,0.185611680075289,0.00132878807413489,0.0184925808432766,0.321603094110531,0.659563649578505,1.04436278613012,0.511689926015439,0.0132331298480457,0.533896744170731,2.24271712772629,2.01301356887581,2.14901253751104,0.0132331298480457,2.01761733539441,2.63287799083138,0.918493301345321,0.830776455954228
"ENSG00000078814",0.0974798870111495,0.279555298166364,0.337041852926709,0.204318078470199,0.188788070732254,0.410292127054248,0.436829716479547,0,0,0.135779739403098,3.54275656274942,0.542431311371194,0.396838004592078,1.16994331072919,3.60160556916124,0.193983337026939,0.0863476870997872,0.303787005734569,0.0863476870997872,0.0863476870997872,0.337041852926709,5.5852826977994,0.0694866494221669,0.313366865893808,0.401336667484015,0.151887739161345,0.0751289185402907,0.0974798870111495,1.38281496719573,0.108526845377372,0.219682691010631,0.313366865893808,0.274659731115522,0.103013939720505,0.209457818792759,0.219682691010631,0.298973114808523,0.0293605503495879,0.0751289185402907,0.244932253120553,0.173089068158645,0.462887965339976,0.124940280919499,2.80296968401931,0.0974798870111495,0.387798375156382,0.135779739403098,0.52604592473222,0.313366865893808,0.151887739161345,2.57108143674576,0.130370190204597,0.351062575450908,0.284434309017228,0.234885395418567,0.355706032390166,0.157217352304151,0.505298974158159,0.29414310741312,4.22066408351918,0.423621938969444
"ENSG00000084676",1.17900130925735,0.763713502558064,1.35081056246229,1.21898823157447,1.40381588866363,1.03559903041616,0.706729392272138,1.01606110591247,1.4693813853996,1.23467774898627,1.40958693327833,1.56866326425071,1.25661648528166,1.55518918355316,0.925516154757897,0.884664449479535,0.867994273819729,1.20312621004373,1.07244416113169,1.1489567209929,0.974616693839482,0.749222023948906,1.07098828265775,1.89585458742059,0.931946402202702,0.7327432018542,0.99164542264105,1.26809744151999,1.56556501168202,0.81679588497728,0.64740161484066,1.14619411288723,0.825456123058007,1.05487589106591,0.459895204298865,1.04749216385037,0.382194801351304,1.1420402560647,0.466554377667244,1.19646521491366,0.609795514001653,0.749222023948906,0.951066949813031,1.21635664243988,1.67694515681891,0.866316613437157,0.954229214627825,0.446483930081517,0.906051641152191,0.706729392272138,1.19913330447078,0.912569034924773,1.02360703741801,1.20843295176258,0.985476388101744,1.39453392962569,1.44373665259673,0.851129222230361,0.902781870392034,1.05045019135663,1.05487589106591
"ENSG00000085465",4.23325677136492,0.0721219489679693,0.18845906423176,0.0244434534319347,0.060349230319732,0.148243379151485,0.0682083739487973,0,0,0,0.245023331974104,0.241552300276866,0.451410007614447,0,0.405619779400952,0.238072897355408,0,0.18484906566939,0.0325000976849961,0.0953830435532017,0.0445013273770789,0.245023331974104,0.248486032631737,0.110684659253827,0.140809452576798,1.28073884352059,3.20014197990176,0.0799173934096832,0.19923517537797,0.0642841537557488,0.0992236893336762,0.18845906423176,3.01889237599834,0.0244434534319347,0.358328424435824,0.0564035450952066,0.0244434534319347,0.0163415645462459,0,0.0365116104417502,0.060349230319732,0.0992236893336762,0.0405119998335984,0.279281931498995,0.0484796540798227,0.195652074383907,0.0122734940032699,0.332457849026325,0.272494983704141,3.27971680911688,0.282663469749593,0.0915321461664364,0.170318056004174,0.45441162819705,1.54147755440636,2.58995646832979,0.140809452576798,0.417973312033285,0.181230011286084,0.417973312033285,0.110684659253827
"ENSG00000099822",0,0,2.04995815857736,1.96322583292002,4.14332328561678,5.25580486388084,0,0,0,3.44705548228065,2.81563044203809,0.568734039405816,0,2.04995815857736,2.04995815857736,0.568734039405816,0.786456028928192,0,0.975588333945315,1.2925841335819,1.14277525309329,0.568734039405816,0.786456028928192,1.2925841335819,0,0,0.312212939757813,0.975588333945315,0.786456028928192,0,0.786456028928192,0.786456028928192,0,0.568734039405816,0,0.312212939757813,0,0.312212939757813,0,1.14277525309329,1.55232094901863,0,0.568734039405816,1.55232094901863,0.786456028928192,0,1.2925841335819,2.20919165229657,1.42828990610789,0,0.786456028928192,0.568734039405816,2.20919165229657,1.14277525309329,0.312212939757813,0.786456028928192,2.28266866441626,1.42828990610789,0.312212939757813,1.87094389927889,2.04995815857736
"ENSG00000100823",1.81878998728738,0.523847358640927,1.13218418009959,0.95854930274418,0.999886807477498,0.872141741574932,1.19226301776068,1.54067449128742,1.5793677220175,1.32667417851449,1.43462691896996,1.53927321148222,1.49369813889805,1.75985084505885,0.922456455139516,1.13218418009959,0.582167823921992,1.07916966387875,1.41947330429741,1.73068130845222,0.913831166402285,0.9352984639664,1.2205155131558,1.3152572379157,0.568494326652054,0.826916426393158,0.836075617973918,1.73802916985588,1.46002830511563,0.549131064148421,0.878804901514972,1.14698012815312,0.61712404162418,1.48789867584577,0.468969556215531,0.979366105356907,0.197701372634564,0.878804901514972,0.669301522845321,0.915992328200289,1.08494387383419,1.09451649439729,0.810746573830461,1.60504500827381,1.04600529204574,0.787327797625035,1.56429033295863,0.537948529652271,0.794393432709708,0.471910498945078,0.977297889383895,1.12285905793592,1.01003873037863,1.15797835070316,1.14144941517981,0.960644551306352,1.24307013037508,1.00801405241466,0.952245235686959,0.78022738887682,0.792042063544998
"ENSG00000107223",1.89165397666261,0.692737460217424,1.78193907038504,1.9497343278921,1.3584327233061,0.383895123906462,1.110893591223,0.860104167246457,2.07755513018454,1.37695809601218,2.09108284373125,1.19264507812273,1.19682209726245,1.11972044126452,0.727800181264945,1.60779876916193,0.745017078075795,1.4592384477257,1.28185664086339,1.39160900377519,0.844214646343526,1.26206024042492,1.4969905185731,1.33209094341737,1.13721375820709,0.921967977169466,0.875820588471279,1.40971585882991,1.50374964334021,0.588499386512963,0.588499386512963,1.27001142707009,0.704519971196421,1.52716027638502,0.588499386512963,1.15449749958628,0.0745316676913992,1.00053108595919,0.405711706961842,1.42403947943142,1.23388083318638,0.911839811603967,0.817336917364907,1.91212211176959,0.73930091170479,1.08408430926358,0.530106055850306,0.489821364329783,0.98612269294504,0.543288133250387,1.0429124828829,1.21341027798964,1.19264507812273,1.01952113040323,0.806444033479462,0.613712174634486,1.110893591223,1.13721375820709,0.833523568249879,1.15019593705345,0.916912782225463
"ENSG00000108107",1.3484730901086,0.691291034686277,1.10394273016135,1.95424597696143,1.49769210849463,1.05067916535996,1.17385442360202,0.956231246617451,0.721485884828137,1.4013075720127,1.18066281328421,0.747397717409813,1.52950764108859,1.35751445070703,0.880475408901234,0.941875953238854,0.828534480820037,1.29739345838925,1.06987600468902,1.50638961825758,1.10107454851405,0.799635828859867,1.23203819227301,1.13932201761099,0.941875953238854,0.622950347096955,0.807574861875289,1.56324410074838,1.86871880685974,0.740963259295594,0.831133151196548,1.19955712500001,0.749230875511031,1.17248888139734,0.698899200306233,1.09963831620896,0.224809917148191,0.840621763093593,0.484546732240135,1.09099076780456,0.732647991717284,0.920071583065369,0.508555827213328,1.50204741765121,0.732647991717284,1.0684083593627,0.682683613907179,0.447766883328447,0.670159304664895,0.391363962862557,1.05216494773162,1.22283226744696,1.08737226838884,1.08882075701989,1.09243563045022,0.887982945778969,1.92818575010255,1.19081552971562,0.773753194481157,0.961775511067492,1.22480991653093
"ENSG00000108298",1.83441719153282,0.490776526835902,1.45215987483182,1.68418953686532,1.43123743827695,0.909867939937831,1.11620958010671,0.647573368218428,0.76927407509629,1.60232513167792,1.97012111922367,1.22499015461391,1.59786153394158,1.2806351721717,0.874138469147667,1.28896600589268,0.79601854565298,1.55889358184395,1.28286143558772,2.01433586574339,0.912745937907441,0.928473114671458,1.49839411365004,1.382762722524,0.649299970275635,0.596581282446693,0.788987235353212,1.51506108710631,1.90077631351474,0.389047518800947,0.894663530333718,1.2530809263041,0.653607458426318,2.02468226609127,0.481114319542582,1.06861538741302,0.213457384639651,1.07054960858965,0.905540149038494,1.09102153797736,1.06020366647563,0.841282978641205,0.580382557157187,1.65998579357214,0.616135865345117,0.866736743119793,0.698493183885641,0.323503034161158,0.72083357490377,0.385944141142142,1.33475000947182,0.912019784979485,0.857804251970273,1.01872963310055,0.99312462154919,0.700159943124666,1.73913415486069,0.813063291313392,0.914182787165777,0.854814422589888,0.890282517679075
"ENSG00000109063",0.746347836174099,1.12062002513224,1.29008246113566,2.69276096326699,1.39292068226455,1.89148261425866,1.17934720750032,3.44520961292812,0,0.82201998206933,1.46550751611805,2.23385419631378,0.581942413570524,0.2937788380104,1.44171539541637,1.87381072865201,0.492134649071062,1.64291460092565,1.70419438481015,1.41752432035611,1.70419438481015,1.6005658438933,0.666485756020018,2.08820800749267,1.20783799758434,1.57891599149375,0.396363048190708,1.05940044420208,0.581942413570524,0.746347836174099,0.445043413812074,1.15028241853688,0.492134649071062,0.784679996063111,0.492134649071062,1.23577702094186,0,0.995467495156488,0.2937788380104,0.706969332972393,1.20783799758434,0.82201998206933,0.706969332972393,1.89148261425866,0.34598254462125,0.396363048190708,0,0.34598254462125,0.445043413812074,0.239614999009433,1.36789016464247,1.26318524433829,0.746347836174099,1.8008755479541,1.44171539541637,0.581942413570524,1.44171539541637,1.41752432035611,1.53461654369992,2.05722738293151,1.31648737779782
"ENSG00000111218",0.707359132080883,0,0,0,0,0,0,0,0,0,0.276124405274238,0.434628227636725,0,0,0.276124405274238,0.189824558880017,0,0,0.0980320829605267,0.0980320829605267,0,0,0,0,0.0980320829605267,0,0.507794640198696,0.189824558880017,0,0,2.54882190845875,1.2667865406949,0,0.0980320829605267,0,0.507794640198696,0,0.0980320829605267,0,0,0.434628227636725,0,0,4.10197567094923,0.0980320829605267,0,0,2.15228484230658,0,1.70043971814109,0.768184324776926,0,0.357552004618084,0.936637939002571,0.189824558880017,1.22400167419811,0,1.5352753766208,0,0,1.0389189892923
"ENSG00000112038",0.301304423328014,0,0,0,0,2.51666588898616,0,0,0,0,0,0,0,0.207691372393006,0,0.107579887415787,1.05926594959835,0.207691372393006,0.301304423328014,0,0.107579887415787,0,0,0.301304423328014,0.389211511520061,1.43468202818409,3.71752165477774,0.207691372393006,0,0.107579887415787,0.624742402827239,0.301304423328014,2.00696394785397,0,0,0.107579887415787,0,0,1.16266744703378,0,0,0,0,0.207691372393006,0.5504240819849,0,0.107579887415787,3.44753653908882,0.207691372393006,1.69829018438788,0.389211511520061,0.107579887415787,0.624742402827239,0.472068444113916,0.107579887415787,1.16266744703378,0,0.5504240819849,0.207691372393006,0.301304423328014,0.389211511520061
"ENSG00000113360",1.30238296041172,0.692626281625074,1.02770323151027,1.47286638841366,1.17157039969065,1.48458421367305,0.930147311506383,1.20185734805617,0.541267485513641,1.26663337456017,1.47286638841366,1.17960249831495,1.53554187780413,1.28163683819649,1.10901958770778,1.00256801425217,0.706034670891827,1.02592230950058,1.35865051005166,1.34443081328617,0.988005938637935,1.3487114578159,1.13898721244628,0.986175301427629,0.912905647188026,0.734665610338778,0.841801459796891,1.54924535136994,1.59440635969245,0.590294829091166,0.561078799315785,1.22221961754783,0.694869685039207,1.16672958780688,0.719319589415081,1.52801202787729,0.177331273728283,1.16995859981559,0.498242839482111,0.933950969792303,0.756309146615534,0.962163178945622,0.741192832979686,1.52170699174497,1.17639502304168,0.93584904491092,1.27265349653933,0.899351540364408,0.790277294607438,0.692626281625074,1.22377410639885,0.909046022276202,1.09209793866628,1.12906700937687,1.02948195778692,1.14392185117482,1.07669687653157,0.918675793973941,0.912905647188026,0.877791561719162,0.767010358160331
"ENSG00000114391",1.74895764593541,0.663916343468147,1.661536161367,1.83956914984675,1.30514060109473,0.949059086782547,0.931280465151568,0.992570118343709,0.904194864769298,1.7460549589439,1.7748223230112,1.27652910194366,1.80721084362689,1.39960011187075,1.09079218234394,1.43606889178532,0.863258335283452,1.63588419270812,1.44594073543291,2.06127254449465,0.865934744667282,0.791869620413897,1.45041461984227,1.68974926082446,0.448704196402233,0.530265199215539,0.747567100781519,1.60819420280293,1.95278835256804,0.650008250872165,1.07352911535264,1.33149263689045,0.999899146320783,1.50637790950469,0.88188976475208,0.812827558407608,0.632872490660685,1.17197739103211,1.12138811602543,1.0630829064271,0.746115087751972,0.96162528990639,0.511585598697893,1.59372759355809,1.03123494588242,0.956611935533097,0.779147144997567,0.360338674730544,0.591314005990254,0.525194701519455,1.38567959613963,0.98766333308859,0.757690477793864,1.02884851647843,0.926160356638025,0.780566306491392,1.38007356185071,0.776304627095706,0.919734560688002,0.475238640098661,0.779147144997567
"ENSG00000123243",1.43843627601947,0.207426990785829,0.116819924374115,0.292678276606693,0.707140790323828,0,0.16585073971963,0.904221687165071,0.123040682032958,0.478812647970925,0.303673782290143,1.08397923106176,0.799365707745227,0.568152746012122,0.276026273357102,0.00674420462414522,0.207426990785829,0.31458611915755,0.531207882974841,0.292678276606693,0.189755105473723,0.059592052623957,0.399034926519802,0.0916651413462636,0.346836466461791,1.72888736201052,1.70627788296151,0.719509768576636,0.104297357582403,1.73296037771312,0.00674420462414522,0.123040682032958,1.48264772677571,0.16585073971963,0.135402299893145,0.219089122257223,0.967815358882497,0.434481689078612,0.0201387611081597,0.747964878568902,1.92320970886624,0.08530731319054,0.373171759638107,0.242134325501303,0.123040682032958,0.0979950753572599,0.99520370818126,1.18555079708614,0.419396735633143,2.02305231657326,1.23233710373216,0.341511225702946,0.116819924374115,2.3398430480091,1.58758899455913,1.38508329225251,0.889700834176615,2.20852432874422,0.478812647970925,0.373171759638107,0.483655265594539
"ENSG00000125844",1.78841340222067,0.575481090961865,1.78441511269057,1.93267847266157,1.42642512194285,1.61178549430828,1.18805338568516,1.14334299532646,1.65423133096695,1.07475791741344,2.03044802186545,0.978136578306021,0.918357117665948,0.857377963474165,0.547443799722328,1.58403342293373,0.547443799722328,1.34781632418351,0.969197962130643,1.67165342966542,0.857377963474165,1.52426139923374,1.38045003889987,1.38429772673011,1.14277525309329,0.53191791829663,1.20010965752026,1.51858340073019,1.50097114331966,0.445246788674152,0.434153426058423,1.49119196432374,0.720262715033238,1.26467624824541,0.579682029853816,1.43247687761372,0.830131595185506,1.00836951301078,0.578842820305397,0.804516038807121,0.605458325289976,0.792983706956784,0.97495056932153,2.19228150251355,0.920346026034939,1.14447780865789,0.894948293807902,0.546585620598224,0.855993161366558,0.616132164395028,0.847656314182592,0.987020152930251,1.03002168634201,0.985754414810456,0.907703048072992,0.75633927768391,0.747404360404443,0.905027191977585,0.906365740024903,1.13480331870198,1.14844264247356
"ENSG00000126838",0.0728190915408455,0,0.224351653995367,0.158960297072984,0,0,0,0,0,0,0,0.271520734253086,0.255968436164356,0,0.271520734253086,0.0549559886656178,0,0.0549559886656178,0,0,0.0728190915408455,0.0368689333260393,1.71844594041747,0.332254034346584,0.142138617997515,0.286907165730839,2.49155223778223,0.167131866822132,0.904230491154143,0.0728190915408455,0.0904637201134941,2.88879642772704,2.72900337851181,0.018552240121459,0,0.0368689333260393,0.224351653995367,0.142138617997515,0.317196318407519,0.513087981896549,0.142138617997515,0,0.0368689333260393,0.418464413394369,0.0728190915408455,0.175588096797075,0.551815177320482,0.375931139780991,0.302131230101544,2.72412292336348,0.969572717556546,0.192026434184766,0.224351653995367,2.38065372580285,0.302131230101544,1.57540819410377,1.07932860001344,0.125118482268957,0.192026434184766,0.500340456488459,0.404425524117712
"ENSG00000127554",1.25335276909197,0.776383126980191,1.28430876141164,1.72610433625296,0.74534473091459,2.22131584210524,1.09475142806068,1.4423681396871,0.99106949257213,1.35481467382947,1.41019070694392,0.856633937567147,1.97163934038764,2.25470893648089,0.695313364961058,1.50304191331583,0.676292858337532,1.27712749194355,0.698900640986852,1.80217697841284,1.17746077158771,0.823867811304413,1.12021710777615,1.40198510591013,1.02725051629826,0.33674960870258,0.756463919620964,1.28004594137981,1.29300320358473,0.4335407218933,0.587538009866838,1.0081423823434,0.445845363844465,1.50339871974089,0.296138611288349,0.871913310865665,0,0.39905574252636,0.528457920084175,1.07748116275435,0.607425080697201,0.682608416881452,0.773131620874021,1.75381086713314,1.19623207531122,1.46122545480966,0.93093180845024,0.819002739203136,0.46557346855352,0.676767485358487,1.10383917641745,1.54991181138048,1.66066855520018,1.27137757808562,1.38871966145255,0.984311180692128,1.35688936915509,1.2602308624773,1.03047264021006,0.544496907967139,1.35915823637643
"ENSG00000128567",0.906871159490006,0.155319872479452,0.268122444274285,0.595381214322801,1.04183516901042,0.332466437639429,0.49115453664652,0.665543567545708,0.188163045791533,0.878893673672738,0.446605495579292,0.599543115544439,0.642701244714512,0.365020139504272,0.431120479542612,0.154141381988039,0.215085549123006,0.629702299457215,0.284156299316238,0.330381149324392,0.328919652267692,0.204422305373602,0.122916838610082,0.973995250552201,0.472554482218606,0.632920731981183,0.849343822105799,1.15432476644557,1.51416933886666,0.112032984407901,0.379412860743488,2.43867405706603,1.66020352034523,0.320749808005451,0.26200880697632,0.235732878390018,0.197116862355559,0.200774207974246,0.0436748183251401,0.155555455619399,0.417433391969828,0.312322144231343,0.341398991129686,0.622562287457707,1.00779208388446,0.184473548648541,0.514853020012316,0.360326748565212,1.17399428262569,1.15456051147487,0.592773915293422,0.383441362000229,2.09755575777199,2.63011206010505,1.29473550184153,1.26425591018445,0.233056446664006,1.04259961597043,0.979062281843699,1.51829710789993,1.37866186878922
"ENSG00000130255",1.46512218035529,0.555706117397848,1.64794639178201,2.14246719564332,1.58061259542772,0.911994703486999,1.13839695465979,0.759344469720064,0.823935670304521,1.73869387598064,1.93514722658938,1.0072075159175,1.77488296962525,1.48023085996733,0.835731061884838,1.50752573331071,1.00546799726314,1.52948007649168,1.12724242413836,1.84367339612392,0.6410888035759,1.12403951021123,1.20508795332227,1.38577352133349,0.462416731574243,0.588610133491077,0.713198754212221,1.38175622926791,2.166795672003,0.588610133491077,1.06847300103534,1.43364574828976,0.763467256749598,1.16979988935078,0.775765395626319,0.994986606032249,0.638846379944838,0.624547738412507,0.889535903769412,1.35613216210646,0.656688924198043,0.926775324373308,0.67431349368086,1.74600468180501,0.567543886183492,1.16357374789844,0.509815342292117,0.514715269417733,0.546165465333544,0.413407820838937,0.966658136742554,1.07180153918129,1.06179279729583,1.00023681987186,0.959488243602266,0.857108615305139,1.45113217067613,1.08997248223795,0.785934364272443,1.08833000284579,0.915704079460162
"ENSG00000134216",4.89893152458814,0,0,0,0,0,0,0,0,0,0,0,0,0,0.232362710639839,0,0,0.432440545426119,0.432440545426119,0,0.432440545426119,0,0,0,0,0.432440545426119,2.2233925567038,0,0,0.608120222030028,0,0,0,0.232362710639839,0,1.03459866129833,2.42463514309584,0,0,0,0,0,0.232362710639839,0,0.232362710639839,1.54711914953335,0,2.05159173245079,0,2.68200593428955,1.03459866129833,0,1.71010425391302,2.96634444589582,0.432440545426119,1.03459866129833,0,0.432440545426119,1.92452427017948,0,0.432440545426119
"ENSG00000136942",1.48984700911905,0.540346495205778,1.33436909792439,1.43870346772847,1.78926218238216,0.939105197390567,1.24853970522623,1.06585870948259,1.15587252473816,1.80280849040761,1.70808181189243,1.06585870948259,1.39405720666106,1.37483742766292,0.842723643418092,1.18373704111522,0.866999564913601,1.55213004265153,1.09257532240826,1.76363029935348,0.95213148991634,0.783831877257853,1.30547721058198,1.22458354731571,0.741316482644827,0.525172103466239,0.62004744090558,1.7061608132051,1.73188093181052,0.559624802266405,0.801933083951953,1.13603212641232,0.53169496759746,1.16429273154007,0.846216742116737,0.730016330847156,0.546801263283387,0.741316482644827,0.607752131028399,1.3256370044526,1.06285942446576,0.953751537323478,0.589110431023221,1.39405720666106,0.900985828526736,0.976243236982936,1.30927869261756,0.414232556782868,0.650334944194517,0.368810399755913,1.28630522192021,1.21515876625475,1.07927885916134,1.13601785665704,1.11736134062851,0.853177667846045,1.70712163250425,1.11880616467332,0.780184221664708,0.789231685110607,1.08668090660563
"ENSG00000139163",0.775242820000963,0.659747959895016,0.736131948826571,0.682786063445836,0.810534915146693,0.754612358472199,0.649909206469565,0.654060020052217,0.442983062428191,0.760399436089434,0.659231799869121,0.859885196979973,0.923594465334408,0.851324669280212,0.893628218427644,0.665927514272652,0.690889531974312,0.697440249825668,0.79699081953081,0.510354697334669,0.564833101625442,0.601833510389124,0.956316250951417,1.09978325772724,0.678207779848125,0.81006998761976,0.835877891917482,0.91928990820223,0.840893499498523,0.977587600412247,1.2881636514121,1.08870921147833,0.948310750662091,0.942383405273559,0.617860321954128,0.627391640146638,0.328183163721377,0.717907498946758,0.673103699480481,0.736621320861689,0.479695510148699,0.500015040476991,0.542056643902222,0.91540479517278,0.830386359229716,1.18580084316604,1.18364893451598,0.616797389409633,1.11491964855296,1.37653825606285,1.89438379201654,0.980482871746061,1.37087513749308,1.47602043194509,1.26120640195469,1.40575647118585,1.11152777987948,1.13658912474841,0.848610757297088,1.09177262130008,0.986667529013641
"ENSG00000143369",4.18396333569009,0.360797726813696,1.03654010942187,1.17005151447936,1.67258162162229,0,0.261705345813363,1.7957590769287,1.95753499215556,2.01950954927664,1.06620815113357,0.90042365913658,0,2.62888497255764,2.60886524180701,0.497736862976419,3.09727554175293,0.786216755196971,1.11433809746027,0.392371644010258,0.809792868048258,1.64007084312043,1.13314931022692,2.50075779299234,0.809792868048258,0.0602139420197403,0.31210214663899,2.26099284484491,1.11433809746027,0.526479939202468,0.155301462809236,0.636046586936593,0.0797394365250503,1.3496709165116,0.0404205589014002,1.21489025978795,0,0.526479939202468,0.328517310760422,0.750114068643925,0.922218878854065,0.360797726813696,0.438473514663028,1.64007084312043,0.173589391715736,0.136778733706934,0.636046586936593,1.35769086035944,0.922218878854065,0.407903200300476,1.56585873858489,1.71689997125273,0.512179982104623,1.11433809746027,0.512179982104623,2.01444548180971,0.468409472076309,1.63347983940293,0.662185712032379,1.55194568604243,2.26099284484491
"ENSG00000143436",1.09270907446676,0.413729407788892,1.48910639012951,1.6038531161528,1.85516292531945,0.910083514145314,1.63236216446459,0.734872078968057,0.95439329275786,1.08635156941641,1.36328845920971,0.760054873871961,1.40113236195113,1.93472862047412,1.04487708428604,1.61374123865247,1.0796992420778,1.16034846378072,1.22544040145013,1.93841017751393,0.77223580376976,1.36875588906743,1.06630185232117,1.5055294121159,0.79296240593886,0.564281248398236,0.422483517997986,1.8355539209395,1.31878668161878,0.392414354339573,0.611165357809154,0.8797690803875,0.359839409818815,2.07177259174085,0.848803972039036,1.23744436738207,0,0.93240850902,0.878849732325657,1.33563612168449,0.840957722499882,0.910083514145314,1.02928773660812,1.50408927966569,1.40544804467184,1.19498610437894,1.28448569540741,0.611165357809154,0.787665746829104,0.445950781399229,1.3559294661755,0.833068566847127,0.893110090300972,0.933220562607473,0.880151969109901,0.679984907712403,1.34059717185494,0.645264781818709,0.95439329275786,0.917563630212428,0.592594145924618
"ENSG00000144713",1.44574618489774,0.661872376871263,1.02271701411737,1.93113557502913,1.32836708871996,0.731397907313837,1.14420918651638,0.876699903368564,0.74210397267872,1.61760514332405,1.4746047208495,1.35521363655357,1.64451448096519,1.43594009294816,1.13160415615262,1.12204409954082,0.915005832657175,1.6472892919846,1.08344408091206,1.78445638660904,1.10885455045821,0.817149984103783,1.2600480058151,1.75595882750591,0.684092042957787,0.718125968785161,0.819092493816411,1.39654282009776,1.88244815793062,0.668015640972217,1.23713437006496,1.44022055977976,0.865244975227164,0.994601295332101,0.457598602338045,0.533079158318047,0.233308495619294,0.83028317570271,0.690532980302213,1.1983853822766,0.698652431639326,0.761727148712307,0.576654240654319,1.49356820797459,1.0674343586913,0.976612368644842,1.00924059809583,0.396161677232059,0.742619413537958,0.384477200203697,1.1648910228809,0.952302098126289,1.03538746008458,1.1956148583369,1.08624962898242,0.997700424673126,1.80567457676463,1.13814117271619,0.648329493792331,0.978370226959104,1.16734265410349
"ENSG00000145198",0.650610542741035,0,0.0120392492392614,0.0707730749505546,0,0,0,0.398827271889739,0.0475656831506773,0,0.223543354367941,0.254276482153513,0.313845748848865,0,0.973565101927306,0.0592160425191079,0.0592160425191079,0.0358204758541298,0.0592160425191079,0.740185896543018,0.0120392492392614,0.642888695609904,0.461628059043423,0.082238261074325,0.127209020109511,0,2.60563470390594,0.274407437815646,0.954976075289059,0,0.0120392492392614,0.380370367773917,1.11423672271491,0.0239788635923723,2.99798365446606,0.13823604190651,0,0.0707730749505546,0.0120392492392614,0.313845748848865,0.160040412827861,1.28271313142074,0,0.264377071801808,2.59566900645989,0.104898857763413,0.0592160425191079,0.274407437815646,0.904201508167009,2,1.25765120943015,0.192141256234817,0.521808771985758,1.68736102035999,1.22699065649363,1.53299251062004,0.0707730749505546,0.85825889072599,0.371052605565976,0.323539144741823,1.03974617894173
"ENSG00000145734",1.44574546091169,0.919226132304806,1.11013835384598,1.19468907133385,1.15755413785897,1.15001105507137,1.34297646790263,1.3128929242545,0.430640369936794,1.28216868512446,1.3068001987455,1.25289010680807,1.27732999952149,1.30068163413125,1.1085825615099,1.4146062019076,0.895062986074601,0.956891721447168,1.37955839475212,2.1648292790809,1.21579732381606,1.5842785819803,0.929836760339735,0.86956997260441,0.636823736880493,0.641134759845147,0.913000368472225,1.13327612923015,1.12560469466545,0.870488237006646,0.733866716590574,1.42214114976373,0.664617840266834,1.07710909899546,1.02939527366256,0.965511999285468,0.339406759403861,1.3904825459747,0.711492771019329,1.26969340965195,0.507029053580441,1.21724174457377,0.980899879516422,1.60263152711856,0.985145323325698,1.07949357330624,1.08028752332087,0.660376522306354,0.790271259892209,0.844553298004799,1.25077586611967,0.797048529555547,1.08028752332087,1.02527825140647,1.16655408351569,0.864048079191347,1.04980597553414,1.04655960596268,0.810508296969277,1.25570428351169,0.771713696193296
"ENSG00000151320",1.25387549329394,0.0648691472961264,0.0219487345761417,0.237380461159392,0.917730563778822,0.173447512487771,0.316470562407387,0.192926627209971,0,0.676150787208002,0.166895587450928,0.703571069995902,0.849816050775654,0.605229498438471,0.451984398558617,0.92939051360921,0.160313771384654,0.374489127153799,0.44116526224236,0.560940544997499,0.249833967469308,0.397058634901466,0.494467395947445,0.694488759598252,0.322378547056838,0.430264377034904,1.39511341034666,0.657576719121554,1.46086438657673,0.173447512487771,0.310538284435105,1.96816598962577,1.6132170828184,0.560940544997499,0,0.890151846897131,0.590617063527766,0.322378547056838,0.385818015223643,2.04163000756709,0.6387603957054,0.120179551235229,0.173447512487771,0.629259396295421,0.703571069995902,0.882174402334884,0.3801646912948,0.703571069995902,0.699037061857232,2.59418233513005,1.50828288580885,0.0858598262809199,0.585713176220072,1.18745217777705,0.787115645329671,1.24767959704375,0.530640730939925,0.619695413107871,0.765594975077789,2.08745079520564,0.804103991267142
"ENSG00000153339",0.96012088699951,0.722874286119315,0.882599191548447,0.552677800101139,0.671812237181784,0.391593451223409,0.647350349653616,0.581313312829925,0.318224076605012,0.818828872871252,0.694161355095954,0.707744533812296,0.726215013701711,0.777030850776337,0.766669223403128,0.720196122870158,0.680449072327022,0.874402135440468,0.987858002998798,0.752665948728368,0.68433601944562,0.426185462540514,1.05093623060385,1.06736120472768,0.847749841508099,0.893040563818167,0.709433473991139,1.19013770086396,1.25405705315805,0.714488464421304,0.397891593724097,1.10381459360347,0.679828945295552,0.916334089188398,1.07042674885444,0.857394782876563,0.422586262678333,0.550794881187283,0.506795283069269,0.897492406953592,0.545131334553499,1.03202937472901,0.755562511826974,0.770007290542183,1.11207412749057,1.25289937914816,1.15507106427031,0.759888332316955,0.807471563770483,0.979343550070019,1.20967347134797,1.18654060962436,1.35334418383322,1.49516994036017,1.5098210543227,1.16216771019253,1.55256358775035,1.13982054326376,1.06036372266694,0.932621089972135,0.984806953242548
"ENSG00000153993",0.845898406212404,0,0.00770009515126722,0.187946047561493,0,0,0.125620238765356,0.459022129971793,0.273469536523462,0.0380959661348952,0.0604798450470029,0.442073054852542,0,0.0530570734189663,0.317503371135538,0.0604798450470029,0.125620238765356,0.0530570734189663,1.39628464182443,0.623406548110868,0.0455959134916315,0,0.311294512958024,0.0752117907740306,0.317503371135538,0.36023291929088,1.72063867982015,0.720313286523748,1.78254072819236,0.0970314288115448,0.3481530676965,0.965381037474444,1.5036478936556,0.174326692883889,0,0.378165140632068,0.174326692883889,0.4757743948838,1.26430275612938,0.0380959661348952,0.0752117907740306,0.082521731607327,0,0.0153593121081665,0.0229780797749927,0,0.0897948219586257,0.4757743948838,0.710910335072085,3.6383468434125,1.33945014554797,0.540903441376428,0.925288128225657,1.93165466764302,0.424922487974175,1.35462501239816,0.75274922756273,0.720313286523748,1.71359381049876,0.1674684971477,0.854463949390507
"ENSG00000156218",0.372207851884856,0.280698501972489,0.0836040478919418,0.318001609488913,0.407245931730862,0,0,0.866579206353333,0.0781786763298901,0.141974173464414,0.0997588110164212,0.64230602650607,0.354364449728182,0.470733346646922,0.162627483349505,0.495366158924455,0.0171128928290008,0.470733346646922,0.0114311197294362,0.441453196479735,0.515577019754379,0.299470618551451,0.256884563407288,0.152337787279579,0.649640225843744,0.634934351855289,0.692879275555189,0.162627483349505,0.415874087241937,0.495366158924455,0.0507414926128507,0.802222353502803,1.41712805920984,0.285414480090337,0.266457360626021,0.445672634109433,0.685762163378781,0.376634431746219,2.81512162170888,0.182989291795792,0.285414480090337,0.304125728870972,0.0114311197294362,0.167744940754903,0.454074667202007,0,0.0227723771245454,0.454074667202007,0.682190397523423,0.115734680441385,1.24381931508907,0,0.110429023141564,4.09430997988861,1.18950354700052,0.445672634109433,0.428720331098775,0.349868902010537,1.29616413735372,0.398565865305907,0.0836040478919418
"ENSG00000164972",0.627549413989067,0,0,0.184260773940955,0.308489720531698,0,0,0,0,0,0,0.0483180248818751,1.06341804169176,0,0,0.347630796512883,0,0.140354578518085,0.0950701091871392,0,0,0.0950701091871392,3.11489964576427,0,0,0.888668378947768,0.308489720531698,0.0950701091871392,0.385737942680014,0,0,1.17643147689309,0.268257041978089,0.0483180248818751,0,0,0,0.0483180248818751,0.422864381802087,0.0950701091871392,0,0,0,0.22687012374647,0.966166404845877,0.308489720531698,0,0.0483180248818751,0.991100785521771,1.66891516600988,2.84773148576461,0,1.97417849487016,2.95300703999893,2.74153076516384,1.26087170058042,0.268257041978089,1.69949448059054,1.08674006825804,0.627549413989067,0.966166404845877
"ENSG00000165923",0.561981505183667,0.338690935738862,0.056155220192471,0.0924133390229151,0,0,0.056155220192471,0.0189623107762105,0.0376786170612637,0,0.261177484697871,0.600257163180063,0.245162204136186,0,0.212588213598378,0.212588213598378,0.212588213598378,0.16230527167194,0.397836162629335,0,0.509314545136269,0.637543532498176,1.70007260453967,0.561981505183667,0.196021198528429,1.31139160106215,1.28813224303305,0.0743981824550157,1.30368007245488,0.832359708769586,0,1.25652469766035,1.65229358331126,0.212588213598378,0.338690935738862,0.292684361081324,0.179261725930149,0.179261725930149,0.323517841891263,0.145147150198728,0.179261725930149,0.245162204136186,0.056155220192471,0.145147150198728,0.895285517539261,0.561981505183667,0.308183472103321,0.522662628404991,0.587611106678906,2.37317931200738,1.50539797619187,0.196021198528429,1.25652469766035,2.32827659826193,2.15053101637388,1.5775204315191,0.777740124148948,1.83993292881799,1.12267819741089,0.649761206433911,0.965389756071058
"ENSG00000166823",0.382683413052136,0.583505127622947,0.159412881592801,0.0551181437507682,0.399818890464518,0,0.275362993952854,0,0.0111933797407574,0.474505405168279,0.12890840444974,0.0223005820506218,0,0,0.338932569271297,0.382683413052136,0.365341961698682,0.0658935094979802,0.108207761750039,0.338932569271297,0.0872057647156194,0.139148396465949,1.18242551281766,0.237738970035313,0.218552495360175,0.969400532233436,1.27819711303675,0.691818248713314,0.179396664542917,0,1.354884960588,1.3504850061891,0,0.159412881592801,0.560831339569054,0.0765889912391337,0,0.139148396465949,0.0551181437507682,0.0223005820506218,0.347789524350757,0.433491097368374,0.433491097368374,0.0872057647156194,2.59253789935961,1.1922938814235,0.0111933797407574,0.159412881592801,1.71463192088341,1.33720405113114,0.26604857467894,0,3.01436456440553,0.986515305047122,2.1387231782077,0.199107415719736,0.416753229488714,1.56315707389072,2.01072871883061,0.118595210916241,0.537795506520152
"ENSG00000169436",0.37063420892683,0.583004711097927,0.638351958266816,6.57914253098102,0.792691033988151,0,0.159846710268297,0,0,0.743056877892769,0.269086725118806,2.7655002201359,0,0.909783257300234,0.525449132251738,0.0821360466057282,0.159846710268297,0,0.0416524686421971,0.37063420892683,3.94595567955569,0.197186695909329,0.303736169599527,0,4.86105408738148,0.465501648901356,0.159846710268297,0.465501648901356,0,0,0,0,0.233584576492216,4.2579018016691,0.55451392093989,1.85079844679618,0,1.09922260582737,0,0.465501648901356,0.495786739133822,0,0,0,0,0.975732557139838,0.495786739133822,0.887112768657814,0.0416524686421971,0.610943734194577,1.13814367861672,1.63646534193086,0.121514549437979,1.03879847246411,0.269086725118806,0.840674229584443,1.24897744245257,0.434567157746926,0.717584406097733,0.840674229584443,0.495786739133822
"ENSG00000169856",0,0,0,0,0,0,0,0,0,0,0,0.0147717503482836,0,0.825272465832156,0.0438691080820059,0.0147717503482836,0,0.029393784437129,0,0.0147717503482836,0,0.100360305836508,0.0582006333475275,0.14132285416335,0,0,0.270028805937709,0.127797489352496,4.3277317292403,0,0,0,0.486840195261273,0,0.0438691080820059,0,2.66946247935464,0,0.181154388861574,0.702912203791729,0,0,3.23865054016714,0.100360305836508,0.0438691080820059,0,0.114144122344498,0.476206030502672,0.181154388861574,0.207110621461269,0.114144122344498,0,0.0147717503482836,0.14132285416335,0,0,0,0.0723911905091131,0.29444735806574,0.306503376580586,0.0723911905091131
"ENSG00000171490",1.80700907649901,0.593008785296212,1.1769010370064,1.9425932230138,1.12457239832977,1.19921119915581,1.14441872619382,0.649654034028928,1.01385190600275,1.60340231047526,1.8142544808743,1.15424043980569,1.76809549141707,1.46820716271984,0.840175940059392,1.43904296230392,0.897825157427792,1.50064808277154,1.44971646371901,2.01175256774536,1.07027405538756,0.78855959392906,1.150973959103,1.04937347950112,0.674891325751211,0.551495372606547,0.717469418528632,1.56464823872382,1.83170044267081,0.677163883817159,0.958873808173523,1.28515392788138,0.595413945187778,1.65964876408158,0.516387503936759,1.11118819627616,0.661180287761216,0.924852348891433,0.832040420224165,1.19921119915581,0.724078875802813,0.866303938575715,0.511301616246539,1.66995513589293,0.964466861100372,1.0771741643271,0.87424904370923,0.563829688006284,0.796943317440693,0.558908608665693,1.13783357199643,1.01564891098561,0.75667944717213,1.23204259162161,1.04057474332276,0.913331209361706,1.2289477852282,1.02102653344142,0.719675937409699,0.836113914773268,0.928672373261042
"ENSG00000174123",0.0424352659440413,0,0.343301745204689,0.200697349806194,0,0,0,2.88519552441302,0.967333811377027,0,0,0.503766418116156,0.62041133687952,0,0.123735368679163,0.0424352659440413,0,0.308950240715334,0.0424352659440413,0.273760812569341,0.123735368679163,0,0.0836579296768186,0.237691558194141,0.754089771804209,0.899695094365897,0.563267429330384,1.03194289221843,0.123735368679163,0.62041133687952,0,0.200697349806194,0.533823651699609,0.675377795606296,0,0.123735368679163,0,2.91975274652565,0,0.123735368679163,0,0,0.473069620138335,0.0836579296768186,0.308950240715334,0,0.343301745204689,0.592122292708261,0.0836579296768186,0.237691558194141,0.441705449503117,0,1.31761510176575,1.59924672659948,0.828728572862295,0.409644240557256,4.03588648008451,0.237691558194141,0.123735368679163,0.648156327112171,1.6412699415886
"ENSG00000176046",0.523137179163173,1.85697011456558,4.08706650224825,1.35331472192416,0.957094586577507,2.05963455156728,2.10544076621693,0.454001314417374,1.46294885972741,0.514674221999357,2.55254485075595,0.636683863374371,0.203258576003007,1.47171980951163,0.353182878199623,0.445121645560562,0.427196644558064,2.86702410201536,0.572898160656278,0.613093471014396,0.720024405941222,1.33900557131395,1.10536248869999,1.18752019531193,1.84351744381677,0.0593921295583228,0.613093471014396,1.33420414085329,1.21911652394383,0.506161327414269,1.20340485674081,1.24492827578422,0.37204533039437,1.33900557131395,0.390664345678266,0.880123097192611,0.203258576003007,0.636683863374371,0.925520668860912,0.334070540112686,0.741942265064913,2.52120213201004,1.56892988187066,1.33420414085329,0.805766077169069,1.90309050668587,0.605143501535003,0.539915601927382,1.0419933985507,0.234515779322929,1.41827596779379,1.33900557131395,1.17145868896756,0.770657529942082,0.48031703538973,0.756371339134818,1.18752019531193,0.770657529942082,0.860220997988493,0.531550782363683,0.636683863374371
"ENSG00000176659",0,0,0,3.97885311809215,0,0,0,0,0,0,0,0,0,0,0,0.110794338281877,0.640397255950547,0.110794338281877,0.110794338281877,0,0.110794338281877,0.110794338281877,0.640397255950547,1.54386346102741,1.28499204749038,2.66632833166788,1.13575762385249,0.484512571686013,0.640397255950547,0,0.309720849327143,1.98310736433482,0,0.309720849327143,0,0.309720849327143,0,0.309720849327143,0.484512571686013,0,1.89296175702707,0,0.110794338281877,0.309720849327143,1.98310736433482,1.08237329986412,0.213683513220516,1.79680584136359,0.846574480897851,1.37654173715713,0.564559327492286,0.110794338281877,1.13575762385249,0.712446930658455,1.08237329986412,0.399762235342425,1.98310736433482,0.909234535702092,1.86161651566011,1.37654173715713,0.213683513220516
"ENSG00000177992",0.66917550423754,0,0,0,0,0,0,0,0,0,0.755763189480265,0.755763189480265,0,0,0.577057302937032,0.478653598625734,0.13535185323941,0.66917550423754,0.259087220744006,0,0,0,0,0,0.13535185323941,0,2.27383380675478,0.13535185323941,1.12454509803593,0,0.13535185323941,2.54093787679258,0.914752713657483,0,0,0,0,0,0,1.05794734912976,1.41799081691602,0,0,1.56910854963988,0.478653598625734,0,0.837446987293454,2.05225623726828,0.259087220744006,2.30288233934061,0.478653598625734,0.66917550423754,0.373043410376811,1.05794734912976,1.24917175225306,1.83081389480846,0.478653598625734,2.30288233934061,0.259087220744006,0,1.05794734912976
"ENSG00000182253",0.32638518756061,0.762430481141407,1.48821484420849,2.8949486638802,1.68206139631821,1.67127394284962,1.47330373330465,2.09693324368605,1.71753641522722,1.36369556195121,2.04304738235435,0.72215757477725,1.08376466826536,0.289120002605389,1.38217958035008,0.868729097450404,1.02777035837589,2.74172043902155,0.539603536915916,0.780671527204051,0.540003907132494,1.25247927633924,0.872946317945209,2.50524059048831,1.46447236289776,0,0.324410978568148,1.3466318838369,1.06733226374976,0.50956128883021,0.869525743195227,1.06996851344675,0.468085623104905,0.924225379064663,0.845432899217195,1.30353994775847,0.203253617456313,0.827423537863893,0.162361038228183,1.04902371494881,1.0419739945233,0.91653697878464,1.0919794756246,1.84625824814503,1.31604227011683,1.36346936869511,0.940997004622684,0.972558206205061,0.764402066283292,0.297550513997043,2.26640990301298,0.519746539400793,1.23817810153509,0.712155483293304,0.401455294643275,0.991344416032668,1.3159253795803,0.610032853683828,1.26754697104688,1.52912390924901,0.758393192864969
"ENSG00000188505",0.11730390893485,0.509472301375355,0,6.18982455888002,2.84469284322897,3.80322703643493,0.225783010900073,0,0,3.0940373103847,0,0,0.592861515481142,0,1.67913232039943,0,5.22913548269997,0,2.38827058981332,0.817502877289225,0.326672691666443,0.67169299212373,2.66367948342304,0.326672691666443,1.07119733437888,0,0.11730390893485,0.225783010900073,1.51779442180721,2.10552032880253,0,0,0,2.18828920763405,0,1.07119733437888,0,0.420965810837807,0,0,2.16122378547171,0.326672691666443,0.225783010900073,0.592861515481142,0.225783010900073,0.420965810837807,0.592861515481142,2.21485620964365,1.33611532952978,0,0.326672691666443,1.1830661009435,0.326672691666443,0,1.9560566524124,1.33611532952978,2.43421611025865,1.1830661009435,1.71679727459094,0,0.885229813121491
"ENSG00000189423",0.641406782875508,0.67275568696978,0.180840754997407,0.289403888929188,0.696808558764345,0.454790095670596,0.663001545550461,0.102248716032198,0.206752602124646,0.57809423513378,0.215454332500078,0.331946120151368,0.266461684444956,0.101923858305745,1.13860724710937,0.634011278941511,0.331976899055415,0.254397670771778,0.310269508269586,0.326611488564944,0.181045807662559,1.08885858468793,0.850021545230568,0.382244641382431,0.650098327711186,0.704460540335988,1.638353781388,0.509536655883064,1.07550080937917,0.367575597347148,0.668228212457986,1.77652737736473,1.07768676452304,0.813607860834695,0.449352644789819,0.564745648747708,0.245797684449859,0.795753616919448,1.4398791481347,0.525665821684623,0.28123384503723,0.236521468932224,0.337935590544153,0.834223898953681,0.67166163261124,0.253552974049353,0.318339359640155,0.500007498644975,0.981408891675531,2.34931785784095,0.927492758859218,0.835092827127819,1.26224293846962,2.34707332456151,0.942024189844085,1.60683782625206,0.175156071028371,1.00045353222388,0.529750603250516,1.41039108081065,1.2055170023156
"ENSG00000197826",0.766636460589251,0,0,0,0,0,0,0,0,0,0.69899774363248,0.208946890466017,0,0,0,0.208946890466017,0,0,0,0,0,0.391424942399712,3.40386970836689,0,0,1.92797031365349,0,0,0,0,0,0,1.44057259123412,0,0,0.108252890756315,0,0.303069067909399,2.35892230240609,0,0,0,0,0,0.893084795972511,0,0,1.11691775189146,0.952381979718848,3.3824696368817,1.77213244877294,0,0.69899774363248,2.61890983267804,2.09515723313243,0.893084795972511,0,1.16784168710027,0.831245542086605,0,0.391424942399712
"ENSG00000197888",4.66847164872554,0,0,0,0,0,0,0,0,0,0,0.436801306236624,0,0,0.0710957498450168,0.138851848764467,0,0,0,0,0.203568021008156,0,0,0.0710957498450168,0,1.17814515067017,0,0,0,0,0,1.2043149548901,0.138851848764467,1.24115991785612,0,1.98020327321316,0,0.0710957498450168,0,0,0,0,0,0,0.381931835853252,0,0.203568021008156,0,0.203568021008156,0,0.381931835853252,0.0710957498450168,0.728299683907387,3.83772932379271,2.86872232956828,0,1.51317670618266,0.381931835853252,2.67669912094072,0,0.265505372028136
"ENSG00000198074",0.146744842366757,1.48202314922543,0.0752374012548304,0,0.762091085827301,5.6579983095252,0,0,0,1.81398269996822,0,0,0,0,0.181211933113049,0,3.24486370416715,0,0.401855762791323,0.214874754608744,0,0.311392358506327,0.913276120699568,2.10177264551209,4.73815940831536,0,0.486979861115606,0.56735995108494,0,0.514273861333453,0.038109103738196,0.784683371009367,0,0,0,0.146744842366757,0,0,0,0.214874754608744,0.0752374012548304,0,0.459159519580809,0,0.038109103738196,0,4.28299490670939,0.311392358506327,0.181211933113049,0.430792134654505,0.146744842366757,0.850412015295656,1.8784190119556,0.0752374012548304,0.692110613210023,0.111434111377371,0,0.111434111377371,3.37040844759347,0.111434111377371,0.247769988058394
"ENSG00000198881",1.14189306605222,0,0,0,0,0,0,0,0,0,0,0,0,0,0.681091149134957,0.681091149134957,0,0,0.681091149134957,0,0,0,0.85157457763513,0.264377071801808,0,0,1.59032568531695,1.49059881258143,0.681091149134957,0.85157457763513,2.14371810707539,0.487727776818715,0,0,0,0,2.32836152833203,0,0,3.14462976287384,0,0,0,1.77121279245766,0.264377071801808,0,0,0.264377071801808,1.26772828179472,0.681091149134957,1.14189306605222,0,0.85157457763513,1.0040242564302,0,1.0040242564302,0.681091149134957,0.487727776818715,1.14189306605222,1.49059881258143,1.68360236866032
"ENSG00000199347",1.21411733627742,2.92712757318826,4.87937200006903,2.73202590564967,1.13821221983045,0.880298937760995,0.877472124542523,2.08505701010418,5.66119788747488,1.76645181623066,3.19555945277066,1.60380339981456,2.65185679890032,2.8808283491139,1.20662895885935,4.06451718170478,3.96783099377458,0,3.39041146669079,1.65806993559746,1.21337024521152,0.441400750654872,1.66081261581942,0.285220782411712,0.0841378253887986,1.42110753906063,1.29684572714256,0,0.433723986898771,0.678559170612133,2.31032964009269,1.20812974707365,0.971490050147501,0.566018604475793,0.971490050147501,0.442676249218792,0.557801999026974,2.56521368579197,2.75813016915788,1.05725816069299,0.310591633730873,0.310591633730873,0,2.73124326186921,0.971490050147501,1.41397215976904,0,0,0.162090149692745,0.643492256945298,0.672048722028291,0,0.307794582870721,0.160540669468017,0.149647460703827,0,0.427295331299201,0.306394021246556,0.658939015454513,0,0
"ENSG00000199568",1.1892735538111,2.83152485920572,3.77076585777669,1.52301683049446,0.630338400447427,0.599981351262563,0.421405815099355,1.71738813400819,3.45962300567009,2.56361028096835,3.0821752316848,0.931656977889518,2.78957037279948,2.28901614509794,0.980196013074081,3.39492021923196,2.37206704250811,0.133159965780509,2.55813338564856,1.0532699831697,1.2147403261043,1.36048721757975,1.19902826241652,0.367460026863107,1.19882571097741,0.510112008668606,1.30256730826399,0.195397712519548,0.964077928983338,0.471731373296116,2.10270600016515,1.29168698558815,1.60677641851122,0.351877265231591,1.75555302949831,0.454867799637325,1.62483101868977,1.56385387183321,2.37103371219311,0.845649926618229,0.312354945671614,0.7318234023462,0.451641315997396,2.36513406750975,0.185209425969974,0.8770038188434,0.174948677897929,0.133159965780509,0.2824640254732,0.74631010033976,0.791471788714706,0.813467169972636,0.330958154158335,0.154205620960331,0.55321340779317,0.235446255264488,0.504878444713676,0.700833619543567,0.779602344659645,1.26832639521648,0.691506152244089
"ENSG00000200320",1.70902836036833,2.01465517632327,2.13443098743965,1.46757103297116,0.932756328405528,0.305981291122169,0.631284547667346,0.520653802424628,3.08203938537896,1.00940534473593,2.2006196661984,1.526616923635,2.22453165700507,2.25747669186679,1.70099322730286,2.61369178648032,1.54744907398694,1.17193165786033,1.41304895697476,1.25497260527508,1.16860583680796,0.818239493498422,1.5808410002156,1.40252458120877,1.40752509517569,0.0748863397713814,1.04639432269423,0.236574831134517,1.52641706877441,0.392739280969505,1.49499786598976,2.05206695974293,1.48967707281491,0.778681398360613,0.991273283761263,1.05182011547965,0.324491147885529,0.834312999669754,1.02801837462111,1.32627811546491,0.502479643307935,1.2653089970249,0.536023119722313,2.15157280849878,0.581941930700534,0.588083155224035,0.557699093340084,0.169046878045324,0.47664494281868,1.11259307513452,1.23334048355888,0.630540933068525,0.94327444395406,0.618590674409218,0.751750584571684,0.378415659756445,1.01838662744984,0.678095895128338,1.85726277054022,0.739388149177396,1.17231491367051
"ENSG00000201098",0.264622671860161,1.53774642680957,4.52921564459452,1.01785852206537,0.44999936342215,0.0518648171401864,0.150315172336883,0.698011650731322,2.68609458051614,1.08162660113269,2.27602503125127,0.41081398900087,2.10857760418271,1.63446688747117,0.59689271079056,1.83279993858624,1.35370073155373,0.506851325005019,1.13068636565918,0.286436200514646,0.126325234143344,1.11857694053183,0.286436200514646,0.543544947090815,0.881187848268335,0.219980500489621,0.525314791471787,0.0261654639382473,1.13068636565918,0.0771143786456613,1.35370073155373,0.561547614754153,0.746031819901565,0.0771143786456613,0.777179669809249,0.0771143786456613,3.84770145944854,1.00475956138905,1.04370495650555,0.488148499357112,0.0261654639382473,0.543544947090815,0.219980500489621,1.73307306576406,0.101929621257932,1.32236809766799,0.32909805304208,0.561547614754153,0.978199352855318,1.54681209153052,1.74099393657544,1.26858570333063,0.76168980365542,0.264622671860161,0.32909805304208,0.264622671860161,0.44999936342215,0.126325234143344,0.0518648171401864,0.895452458374409,0.150315172336883
"ENSG00000206811",1.595531742656,2.76491060842981,2.75959450494125,0,0.112209503664539,1.17180964548591,0.881779763322326,0,4.3586899807176,2.1599900233656,2.51170615185004,0.986143199367443,2.59342407955372,2.59623361316845,1.20899456619432,2.36950753991994,2.19377174339668,1.00846157883256,0.995750526956085,0.815816501095062,1,0.473252113101877,1.20623870072006,1.31597532155342,1.72952078218418,0,0.770518153926981,0.662071426258027,1.76989616865761,0.792732887545795,1.33291849991261,1.27798474729977,1.01792190799726,0.662071426258027,0.795180208404931,0.100384068822517,0.287576589748948,0.330389673433075,0.0314782321374304,1.73462993292519,0.357137972527417,0.972152015133402,0.522823815948816,1.89438981210788,0.52429971869652,0.652655202014653,0.0602508813459942,0,0.133640884736387,1.20163386116965,1.52724700277654,2.23356328719827,1.3752439093871,0.74289390637172,0.66608821345728,0.584962500721156,1.9459601601109,1.43138698770908,1.59833717827034,0.499001684515949,0.682044450450378
"ENSG00000207088",0.668853816839187,1.36885506739968,2.75991826242428,0.727130867232588,2.00524956555808,1.43503850658732,0.408898655936727,0.0915771404411401,3.58613728253749,2.6869158277647,1.95736216274397,1.12407584514217,2.41285439355061,1.08003299465341,1.22297758815504,2.11670094930829,1.34932112071145,0.939212504329324,1.39964113398309,0.727130867232588,1.1668138835346,1.24866959249877,1.56853384523774,1.48824357629226,2.25325454627121,0,1.12060147582665,0.509292573719191,1.66112682759807,0.906801299640013,1.08003299465341,1.48824357629226,1.20832220186645,0.668853816839187,0,0.0915771404411401,1.24866959249877,1.01180919556744,0.707579647606738,0.987696080851029,0.184358387657896,1.15369998566812,0.177686631295234,2.25305622170605,0.987696080851029,0.478408869736141,0.889042746719963,0.478408869736141,0.794636598960809,1.45621202810802,1.36738999893956,1.08182076714351,0.727130867232588,0.478408869736141,0.413874901877591,0.624774049535134,1.2554178170423,1.13013593076542,1.95736216274397,1.1245095537468,0.889042746719963
"ENSG00000207165",0.95428062683961,2.37003181021827,2.31751257743589,0.594399671027494,1.17106691765301,0,0.610410969805142,1.5113501296868,4.48713262896574,3.68043608485964,0.864533873635005,0.415473081973482,2.8422542886858,1.82639724973984,1.17905436406108,1.43306912219935,1.33109978519648,0.872693746898922,0.775260426646172,0.743294739580641,0.737662464230848,0,0.559175332209004,1.0090764512594,1.73040726277368,0.572419530260389,1.67647545778568,0.507708465038046,1.20921315016445,0.880807726639474,0.647427571878921,1.33483509866112,0.365220261395077,0.0674072393622268,1.12794308585296,0.207101299441068,0,1.09271182017868,1.00008712749334,1.22607207012299,1.15107922162255,1.28743381643389,0.262409840989354,1.13581538724471,0.397130566247642,0,0.0523616160767565,0.0918945220456938,0,1.15847536671512,1.97740992067923,0.859788556140912,1.50141337132506,0.778006868483977,1.03264993351,0.501628779130336,1.8027670976756,1.37045311154308,1.70297096243235,1.0425817377927,1.8654428089487
"ENSG00000208892",1.97045572441583,1.67318968364731,2.29039252148614,1.87800947574869,1.43440282430447,0,0,0,5.47704716153676,4.09204282901065,3.6075302577224,2.77354020909957,2.21681138918219,2.36040224266403,1.97045572441583,3.45588255155978,0.314108590145797,1.77923132096146,2.36040224266403,1.14809863884838,1.43440282430447,1.43440282430447,2.6107255967607,0.98037119327083,1.14809863884838,0,2.13927478846936,1.14809863884838,1.14809863884838,0.314108590145797,0.571906347423555,1.29834127430023,2.49098635260925,1.14809863884838,0,0,0,0.98037119327083,1.14809863884838,1.77923132096146,0.314108590145797,0.314108590145797,0.98037119327083,2.05733317500974,0,0,0,0.314108590145797,0.571906347423555,1.14809863884838,1.97045572441583,1.14809863884838,1.55873095917445,0.98037119327083,0.571906347423555,0,0.790546634596471,0.790546634596471,0.98037119327083,0,0.98037119327083
"ENSG00000224506",0.835867224483829,0,0,0,0,0,0,0,0,0,0.357224483270125,0.383485324026702,0,0,0.242419164550475,0.0497978806754384,0,0,0,0,0,0.18964061831947,0.0497978806754384,0,0,1.66786193887601,2.05600501479453,0,0,0,0,0,2.61951064523201,1.1236495706053,0,1.20326188357099,0,0.376086649964757,0,0.14451590153619,0,0,0,0,0.0497978806754384,0,0,0.0497978806754384,0.328864075034906,3.52890150197735,1.82355357982832,0,0.18964061831947,1.36247781183849,0.233396622276709,2.71736127257834,0,0.60884938877232,0,1.08667281088356,0.154109876633224
"ENSG00000225647",0,0,0,0,0,0,2.50986104550246,0,0,0,0,0,0,0,0.392914688094076,0,0,0,0,0,0,0,0,0.392914688094076,0,0,0.392914688094076,0,0,0,0,0,0,0.392914688094076,3.2406461740763,0.701404409367584,0,0.392914688094076,1.35908109313366,0,0,0,0.392914688094076,0,0,0,1.17131823671433,3.42012499552836,0.955409849137667,2.86014233637384,0.955409849137667,0,1.52519735608077,0,1.35908109313366,0.701404409367584,0.701404409367584,0.392914688094076,0,0,0
"ENSG00000226091",1.62630151361455,0.153831441814857,0.639978554402824,0.627499614357071,0.228709684804435,0.0754412664876575,0.147132831501829,0,0,0.0606653129431244,0.0606653129431244,0.515476457111129,0.188633693120346,0,0.0457364580519443,0.17621234479126,0.93181669926427,0.330764538680354,1.10563489025252,0.134206237998857,0.547623663669841,0.437557554145866,0.215429861374876,0.105410933348739,0.414499561568298,1.825617515007,1.30417131488549,0.620262447522869,0.745374331950017,0.919257893969571,0.426074623150501,0.627098500660083,1.0596335635398,0.482596564248976,0.17484081718794,0.318395560149596,1.12501087907877,0.0609623198486191,0.256983613599585,0.717385118670235,0.994032740281941,0.293334847843301,0.0457364580519443,0.238852492160181,1.53774035172897,0.402830879057752,0.215429861374876,0.46867232189872,0.493639999573681,1.82504930780897,0.527991792157516,1.47007702228079,1.36863463844291,1.82395597245351,1.76205295479073,1.77387805892349,0.190670939978324,2.20734699465486,1.60481844099443,0.267831103548424,0.823513543535694
"ENSG00000226599",0,0,0.62041133687952,0.441705449503117,0,0,0,0,0,0,0,1.05285188249408,0,0,0,0.237691558194141,0.237691558194141,0.237691558194141,0.62041133687952,0,0,0,0.922595496268954,0.441705449503117,0.237691558194141,0,0.441705449503117,0.237691558194141,0,1.57053543021637,0,1.05285188249408,2.07856905236901,0,2.58854683803798,0.441705449503117,0,2.07856905236901,0,0,1.28263896383526,0,0.237691558194141,0,0,1.05285188249408,1.57053543021637,1.38512192164661,0.237691558194141,2.35597557569401,0.779400860110248,0.441705449503117,0.62041133687952,0.922595496268954,0,1.05285188249408,0.779400860110248,1.48080526936814,1.48080526936814,1.05285188249408,1.05285188249408
"ENSG00000226721",0,1.86163721818541,0,0.176867875594019,0,3.72109309737604,0,5.57970645595049,3.5991237857848,0,0,3.09372447195807,0.513621744435362,0,0.635782585650637,1.92555739147179,0,1.8393979716085,0,2.66570436202136,1.43856885426175,2.64563393515968,0.373023886636216,0.176867875594019,0.714965916296202,0,0.433660592893515,1.54810775829758,0.89162080008373,0,0,1.88520989200732,0,1.22952342821659,0,1.37457789201691,0,0,0,0.89162080008373,0,1.04898528773559,1.48889294298093,2.01756536794382,0.714965916296202,0,0.714965916296202,1.43856885426175,0.277004766898586,0,1.77686120337577,0,1.43515066923452,1.89768143980374,1.13857809324294,0.513621744435362,1.87599507936488,0.888291609258782,0,1.96875281870269,1.73577406718949
"ENSG00000228590",0.151117733043425,0,0.287896466660558,0.412823078692084,0,0,0,0,0,0,0,0.634265420218031,0,0,0,0,0.287896466660558,0,0.287896466660558,0,0,0,0,0,0,0,0.99556775392001,0.527788791922601,0,0,0,0,0,0.412823078692084,0,0.287896466660558,0,2.07123202370948,0,1.07333661226561,0,0,0.527788791922601,0,0,1.284267042861,0.151117733043425,2.7051977273801,0,0.913366691275383,0,0,0.99556775392001,0.412823078692084,0.287896466660558,0.634265420218031,4.18800473599767,0.287896466660558,0,0.733420887021646,1.07333661226561
"ENSG00000229953",0.641205556351452,0,0,0,1.00528312722675,0,0,0,0,0,0,0,0,0,0,0,0,0,0.178967150455625,0,0,0,0,0,0,0,0,2.65707946577674,0.15306126733004,1.40221966642696,0,0.291429993970294,0,0,0,0.438086937152181,0,0,0.75082162999705,0,1.48069013066575,0,0,0.645341001526006,0,0,0,0.291429993970294,0,0,0.643274760243682,1.72201469198768,2.12507853003626,0.83469879166761,0,0.300636384572235,1.28186935530323,0,3.92972224276307,0.417681481232278,1.51216697486119
"ENSG00000230246",0.427681226368707,0,0,0.427681226368707,0,0,0,0,0,0,0.54606055733737,0.54606055733737,0,0,0.157073888681179,0.298713029029669,0,0.655458649126638,0,0,0.157073888681179,0,0.298713029029669,0,0,0,1.61843593652728,0,1.86613112880835,1.25113122570695,0,0.655458649126638,3.00295859627165,0,0,0,0,0,0,0,0,0,0,1.17967446110304,0.298713029029669,0,0.427681226368707,2.46026109792458,0,1.41068644978926,0.852129328372392,0.157073888681179,0.655458649126638,1.69372253730603,0.75714270780841,1.90918125586861,0.748279034878356,2.54970231487831,0,0.655458649126638,1.01700084331899
"ENSG00000230657",0,0,0.852221859727348,0.488144288449912,0.488144288449912,0,0,0,0,0,0,0.264620213568603,0,0,0.138368725213395,0.488144288449912,0,0.488144288449912,0.264620213568603,0.138368725213395,0.852221859727348,0.264620213568603,0.264620213568603,0.138368725213395,0.852221859727348,0,1.26857712289447,0.488144288449912,0.264620213568603,0.287407446263057,0.681637524396837,0,0,0.138368725213395,0.380706892643467,0.488144288449912,0,0.380706892643467,0.488144288449912,0,0,0,0.138368725213395,0.380706892643467,0.380706892643467,1.43411235175664,0.681637524396837,1.38435826900077,0.380706892643467,0.380706892643467,2.02221637767864,1.327628863143,2.00712244714802,0.588132374507738,0.681637524396837,2.59287416477775,2.08209009420688,1.97053584440927,1.00475220269533,2.1448412547586,1.63823648150708
"ENSG00000231500",1.72275212668244,0.568430290090436,1.43849149434842,2.16943407203393,1.22973264025026,0.46073883715023,1.14495360671885,0.658611087184263,1.01932313859682,1.45123595960846,1.8719387355344,1.11527565595774,1.46094321312292,1.39493328247658,1.39821180750117,1.27307365723435,0.814502602711849,1.75696766625065,1.23008925920395,1.91103398065115,1.16334202905763,0.86567419031215,1.47255894006323,2.01994468589284,0.560620268514455,0.360338234187931,0.744494418666783,1.40461215112092,2.01001306814458,0.459425686263092,1.23616855865229,0.936661547283043,0.716125784270358,1.89676449939466,0.49586940612901,1.11527565595774,0.4438290968401,1.21484315515048,0.82707673411866,1.36543178947433,0.995419894099194,0.869088533916263,0.662546045797715,1.50081829883338,0.581613437565424,1.12183285438387,0.996307837551751,0.267287877715062,0.663085631564254,0.466539894320215,1.2597720542682,0.938505996782157,0.969278909876213,0.979699260399283,0.924054487362193,0.818494262826708,1.39008296856606,0.827041623598451,0.598337711906246,0.934330546686714,0.966562982431807
"ENSG00000234810",0,0,0,0,0,0,0,0,0,0,0,2.65151705703972,0,0,0,0.167186919058658,0,0.316995798886631,0.167186919058658,0,0,0,0.167186919058658,0.167186919058658,0,1.7374578976495,1.07436982487682,0.316995798886631,0,0,0,0.987637499285222,0,0.796764991497557,4.51540383753506,0.316995798886631,0,0.796764991497557,0.316995798886631,0,0,0.796764991497557,0.316995798886631,0.167186919058658,0,0,0.796764991497557,1.7374578976495,0,0.895355564942913,0,0,0.895355564942913,0.987637499285222,0.167186919058658,0,0.576732615279733,0,0,0,0
"ENSG00000236095",0.235888263885149,0.670935723687932,0.235888263885149,0.161463423169357,0.0829893642409112,0,0,0,0,0,0.500265335931148,0.500265335931148,0,0,0.823534849027228,0.438573013851687,0,0.559427409077742,0.500265335931148,0,0.559427409077742,1.34452952370489,0.823534849027228,0.961525852146373,0.306661337927095,1.31049319988631,0.961525852146373,0.670935723687932,1.34452952370489,1.34452952370489,0.235888263885149,0.916979413433175,0.961525852146373,0.306661337927095,1.37778132988385,0.774440299762432,0,0.616258631359298,0.961525852146373,0,0.774440299762432,0.306661337927095,0.374124306481483,0.916979413433175,0.500265335931148,1.27563444286433,1.12711191769476,1.23991252021872,0.438573013851687,1.47317167501745,1.47317167501745,1.77721204885708,1.12711191769476,1.04669323566858,1.31049319988631,1.08746284125034,0.723616040093346,1.08746284125034,1.27563444286433,1.44207045789202,1.16570041581751
"ENSG00000237359",0.291956014640721,0.496937752646858,0.805427473154747,0,0.335348610660371,0,0,0,0,0,0.104023064355051,0.458205358749274,0,0.923868931025663,0.104023064355051,0.805427473154747,0.201047518586216,0.458205358749274,0,0,0.291956014640721,0.153350777282625,0.571415968483972,0.742348790637437,0.335348610660371,0.952019970910001,0.571415968483972,0.418404350236,0.201047518586216,0,0,0,0.709744125703233,0.496937752646858,1.69732486608565,0.534657419031322,0,0.496937752646858,0.153350777282625,0,0.952019970910001,0.458205358749274,1.18334551696122,0.418404350236,0.201047518586216,1.5206278592181,1.20690024521274,1.76235875138794,0.979632202435949,2.30019216527713,1.36182082204235,0.201047518586216,1.5206278592181,1.76235875138794,1.18334551696122,1.74637304745807,1.31922894539988,1.36182082204235,0.607261167847632,1.44340835638815,1.25288645040113
"ENSG00000239440",0.146427039313184,0,0,0,0,0,0,0,0,0,0.279352252197285,0,0.341487478962327,0,0.146427039313184,1.69747290442933,0,0,0,0.146427039313184,0,0,0.214420016468641,0,0,0,3.04685683096006,0,2.62784234284078,0,1.52076729840539,0,2.45592472815055,0.0750704333361676,0,0.0750704333361676,3.69648260910716,0,0.51328830232124,1.46603257639553,0,0,0,0,0,0,0,0.932070145816266,0,1.31935720882798,0.146427039313184,0,0,0.279352252197285,0,0.146427039313184,0,0.146427039313184,0,0,0
"ENSG00000240602",0.161967479420816,0,0,0.236606280822865,0,0,0.161967479420816,0,0,0,0.0832555042021607,0.375211518818694,0,0,0.161967479420816,0.0832555042021607,0,0.501659853865174,0,0,0,1.34741306618947,1.04914764954308,1.08998136664307,0,0,0.236606280822865,0.0832555042021607,0.501659853865174,0,0.501659853865174,0.439820600672079,2.99104469485535,0.161967479420816,1.12969107671797,0.617912922196673,2.11327798665967,0.307572801471713,1.12969107671797,0.161967479420816,0,0,1.12969107671797,0.617912922196673,0.87316997751497,1.38070750651857,0.439820600672079,0.236606280822865,1.27842645609767,2.39978024006964,0.672705395416587,0.236606280822865,0.672705395416587,2.17151125231841,0.307572801471713,1.00712443436231,0.0832555042021607,0.919217345351934,0.56095703795243,1.62255928747622,0.919217345351934
"ENSG00000242265",1.33570923413011,1.4346054512217,5.14089607975568,3.84939564346822,1.53591702331024,0.709805238405216,2.16572847754545,0.0100966629477241,0.267437010675523,1.07218410804784,2.0469334310679,2.85598036758469,0,2.44972752812313,0.919853775015793,1.12656248393479,0.691100166457911,0.400043180698224,1.49336586007816,1.02814968067798,0.300720782428579,0.321139828764206,2.22977154152496,3.40366456597784,0.773426736238837,0.337269506787322,0.0595464968017792,1.66613151235094,0.449109186238955,0.220380687318386,0.116732356198146,0.216025743360319,0.116732356198146,2.9507603899984,1.16773431027587,2.15097544751005,0,2.06883383252804,0.460198996476633,0.00505716410928994,2.10931555330384,0.0497911962503019,0.725209650451288,0.16271448912207,1.64846454519672,0.304827777310857,1.60748906953457,0.64324813720264,0.525005177478875,0.0251103912990675,1.22303558453289,0.126046775606023,0.922529011294099,0.0399694838024123,0.353220843190508,0.321139828764206,0.329227209368994,1.2700067866479,1.88903060454641,0.749519619681533,0.237670181367688
"ENSG00000244107",0,0,0.733773789317021,0,0,0,0,0,0,0,0.339357900824739,0.339357900824739,0,0,0.0926111508053086,0.67507979553229,0,0.261705345813363,0.179634212316678,0,0,0.613896278653486,0.339357900824739,0.613896278653486,0,2.06430360290634,1.17611114567512,0,1.75989737639811,0,0,0.41304344946403,2.47886457193021,0,0,0.0926111508053086,1.21783053608942,0.339357900824739,1.04318593340797,0,0,0.947237339440615,0.483147687354499,0.41304344946403,0.483147687354499,0,0,0.0926111508053086,0.733773789317021,2.06430360290634,1.21783053608942,0,0.996009139716045,1.92011429086367,0.613896278653486,2.06430360290634,0,1.44559794925374,1.21783053608942,1.89461680744994,0.996009139716045
"ENSG00000249784",0,4.87212517765897,4.43104981717193,0,0,0,4.43104981717193,0,7.56005982908001,0,2.61890983267804,0,0,3.79255792042699,1.836501267544,3.12338241545798,3.49642582666736,0,2.61890983267804,1.836501267544,0,0,3.49642582666736,0,0,0,0,0,2.61890983267804,0,0,0,0,0,0,0,0,0,0,2.61890983267804,0,0,0,2.61890983267804,2.61890983267804,0,0,0,0,0,1.836501267544,0,0,1.836501267544,1.836501267544,0,1.836501267544,2.61890983267804,0,0,0
"ENSG00000249816",0.45258345664726,0,0.303918387136272,0.416828579624646,0,0,0.521539835177894,0,0,0.7965788809488,1.14140847287647,0,0.0475369467655648,0,0.181415383466412,0.380165007215713,0,1.07413952017169,0.0475369467655648,0.303918387136272,0,0.487473594509677,0.181415383466412,0.0935573827126283,0.181415383466412,1.30681899798455,2.66137012909292,0,1.52403466005895,0,0.0475369467655648,1.81246640724205,1.75635153909517,0.26422870691013,0,0.181415383466412,0,0,0.416828579624646,0.223416168698391,0.181415383466412,0.903788851014093,0.87772397591738,0.954547041086014,1.89274707447358,0.487473594509677,0.7965788809488,1.60029228116845,0.903788851014093,1.55725817482623,1.55725817482623,0.181415383466412,0.903788851014093,2.04103404340972,0.0935573827126283,1.82616059845556,0.0935573827126283,0.45258345664726,0.0935573827126283,0.416828579624646,0.650288888477895
"ENSG00000250493",0.67169299212373,0,0,0,0.11730390893485,0,0,0,0,0.817502877289225,0.592861515481142,0.67169299212373,0,0,0,0,0,0,0.420965810837807,0,0.225783010900073,0.420965810837807,0.509472301375355,0,0,3.02064338249853,2.72040723698506,0.326672691666443,2.01771235111993,0,0,2.26656609683932,1.92421169226474,0.11730390893485,0,0.225783010900073,0,0.420965810837807,0,0,0.11730390893485,0,0,0.11730390893485,1.01183236291909,0,0.509472301375355,1.64045761339452,0.326672691666443,1.51779442180721,0.326672691666443,0,0.74643923557058,1.51779442180721,0.326672691666443,1.12821575539641,0.11730390893485,1.51779442180721,0.326672691666443,0.592861515481142,0
"ENSG00000251244",0,0,0,0,0,0,0,0,0,1.13098531242095,0.375757511442439,0,0,0,0,0,0,0.580982650199175,0,0,0,0,0.26104585221301,0,0,0,0,0.26104585221301,2.28326058654362,0,0,0,0,0.920340550463251,0,0.48201619913564,0,2.31235794350621,1.83935997757541,0.136419198595404,0.26104585221301,0,0,0,0,1.37115560993458,0.375757511442439,1.42543267052137,0,0,3.58595575002066,0.26104585221301,0,0,0,0.375757511442439,0.994026098817682,0.48201619913564,0.26104585221301,2.52615160871595,1.75709379555781
"ENSG00000252947",1.80023048775278,2.57664723241742,3.77210407534792,1.80023048775278,0.319936796988564,0,1.16438681767893,3.51444879759832,3.63467337645208,0,3.31294553008973,1.80023048775278,3.8236088221288,1.45308610687364,0.995016592286063,3.31294553008973,1.89957569390522,0.803084484508305,2.79880136916291,2.07983417371115,1.57831412492836,1.80023048775278,1.80023048775278,0.995016592286063,1.57831412492836,0,0.581642142296578,0.319936796988564,0.319936796988564,0.803084484508305,1.45308610687364,1.16438681767893,0,0.319936796988564,0,1.45308610687364,0,1.57831412492836,2.38424039992315,1.80023048775278,0,0.803084484508305,0.581642142296578,2.57664723241742,0,1.99251841869306,0.803084484508305,0,0.581642142296578,1.80023048775278,1.31594593663245,1.31594593663245,1.31594593663245,1.16438681767893,0.319936796988564,0,1.31594593663245,0.319936796988564,0,0,0
"ENSG00000255750",0.620232009120151,0,0.569968534312837,0.242710230453123,0.156959707913478,0.996912726346422,0,0,0.736386306802416,0.631668250743952,0.0960556921878618,0.518463647013645,0.0512058351982837,0.0685308524842284,0.184308275765904,0,0.139180569538206,0.106005279151427,0.237149403451032,0,0,0.361198773160963,0.417597602879024,0.133579354530764,0.761782964109047,0,1.1641152727903,0.36215704993385,0.987214284488143,0,0.845252989899108,1.45370421382202,2.31219995195422,1.42250149515847,0,0.361198773160963,0.0798369082040354,2.23661971750665,0.0404706420640232,0.568585457327195,1.34496700838367,0,0.550203478541233,0.118157471316776,0.657918751772058,0,0.394989840090855,0.360559568552386,0.625562469720373,0.232266034230302,1.1044737308045,0.837234850419314,1.56567282129305,1.48864077193305,1.23627374501818,0.970135910231969,0.399975369953681,0.227366079167113,1.16099832064797,0.0187575997514444,3.0002465257801
"ENSG00000256108",0.180572245217499,0,1.37851162325373,0.180572245217499,0,0,0,0,0,0.341036918214724,0.616671360134865,0,0,0,0.951090399270313,0.485426827170242,0.341036918214724,0.341036918214724,1.04730571501105,0.736965594454745,0.84799690655495,0,0.180572245217499,0.180572245217499,0.341036918214724,0.485426827170242,1.13750352374994,0.84799690655495,0.616671360134865,0.84799690655495,1.37851162325373,0.180572245217499,0,0.951090399270313,0,0.180572245217499,0,0.485426827170242,0,0.736965594454745,0.951090399270313,0.84799690655495,0.951090399270313,0.736965594454745,0.736965594454745,0.616671360134865,1.04730571501105,0.736965594454745,2.20163386116965,0.616671360134865,2.0703893278914,1.7078192486539,2.20163386116965,0.736965594454745,1.37851162325373,1.64769825591564,1.04730571501105,1.13750352374994,0.485426827170242,1.30256277021539,0.485426827170242
"ENSG00000256234",0.598637437346026,0,0,0,0.678071905112638,0,0,0,0,0,0,0.514573173262567,0,0,0.228268987145302,0,0,0,0.228268987145302,0,0.118644496878276,0,0.514573173262567,0.228268987145302,1.02046410286451,0,1.52892846594967,0,1.57115670098804,0.893084795972511,1.19264507812273,0.678071905112638,2.06054154178683,1.29698173767325,0,0.118644496878276,0,0.958179824411453,0,0,0,0,0,0.118644496878276,0.514573173262567,0,1.48542682717024,0.330148601528388,1.39427893934727,0.118644496878276,0.598637437346026,0.330148601528388,1.87071698299868,1.13750352374994,1.52892846594967,1.57115670098804,0.598637437346026,0.514573173262567,0.753360032661399,0.425305834886149,3.32192809488736
"ENSG00000259100",0.333962354960432,0,0.0527081209007403,0.532587126251411,0,0,0.333962354960432,0,0,0.802566660942709,1.35773384536031,0.333962354960432,1.05595365033761,0,0.494989795765184,0.164699703547542,0,1.1557054331385,0.604964190396007,0,0.456386382165402,0.200178245667544,0.639835118959028,0.627725935392997,0.152676953791303,0.416721559275399,0.802566660942709,0.569229487409738,0.604964190396007,1.43917804867881,0.739659146516983,1.39903059008749,2.0831371793421,0.456386382165402,0,0.375935303286895,0.771455755284572,1.05595365033761,0.29073158262989,2.2616593721474,1.20310873503259,0.673883045733926,0.816655457992839,0.72479401461839,0.771455755284572,0.571759933019368,0.739659146516983,0.976335668809158,1.1557054331385,0.916161781538934,1.00336615575958,0,1.82069669458177,1.37646380086307,1.1557054331385,1.08154561677951,0.469240044937782,1.40836393123683,0.604964190396007,0.976335668809158,0.943774312281947
"ENSG00000259277",0,0,0,0,0,0,0,0,0,0,0,0,0,0,0.696607856396587,0.949373927110369,0,0,0,0,0,0,0,0.389946518771601,0,0,0.389946518771601,0,0,0,3.77864362530733,0,0,1.16438681767893,1.16438681767893,0,0,1.16438681767893,0,0,0,0,0,0,1.5170584364627,0,0.949373927110369,0.696607856396587,1.6655809608824,1.16438681767893,1.35147237054037,0.949373927110369,2.03683676822887,1.35147237054037,0.949373927110369,1.35147237054037,1.16438681767893,0,0.389946518771601,0,1.16438681767893
"ENSG00000259417",0,5.50146309051307,5.07689594544649,0.444563451964609,0,0,6.49269653106269,0,0,1.11964324711431,3.40107197954754,0.239338313610977,0,0,2.02420234834963,0.624197663574967,0.624197663574967,0.857606900579115,0,0.994566113943928,0.624197663574967,1.7423790905017,0.444563451964609,2.63994585604851,1.11964324711431,0,0,0.994566113943928,0,0,1.17833724142627,0.239338313610977,0,0,1.70294077933882,2.53155735240623,0,0.444563451964609,0.70626879661752,0.345597001088314,0.857606900579115,1.53343220002861,1.17833724142627,1.44057259123412,0,0,0.345597001088314,2.99047722587194,0.12462665463314,0.12462665463314,2.17593874505636,0,1.11964324711431,0.537174602215397,0.444563451964609,0.624197663574967,1.92485714206083,0.444563451964609,0.70626879661752,0.12462665463314,1.70294077933882
"ENSG00000260092",0.526337745030526,0.280677367011608,0.147153693346474,0,0,0,0.402883298986891,0,0,0,0,0,0,0,0.675406752834373,1.08917051000037,0,0,0,0,0.620035267937181,0,0,0,0,1.81964075404733,0,0,0,0.351597975655679,0.176237084224137,2.90892893859375,1.44773006203167,0.596663045906619,0,0.289577033552584,0,0.147153693346474,0.894573645831816,0,0.802533279753865,1.05229450719476,0.620035267937181,1.24762171716151,0.0871666394714845,0,1.55232094901863,0,1.06789738693919,0.92915552215013,1.66212901655603,0.515541099418243,1.46017082145533,0,2.35228076503881,1.08698433164016,0.251042936814473,0,1.40741663079367,1.1712584207809,1.89863039914875
"ENSG00000260552",0.944010532782403,0,0,0.454882142762356,0,0,0,0,0,0,0,0.53255620990492,0,0,0.406798987197651,0.400674328858772,0.0978842194026513,0.409851592983461,0,0,0,0,1.42031695927914,0.632631185415641,0,1.26547059974812,0,1.82429603569554,1.08627080502306,1.69888070329684,0,1.32651222040726,0,0.382142786606608,0,0,3.2363911245445,0.728659172646483,0.643045712310934,0.683967913210099,1.82772392187045,0,1.38197008141468,0,1.74795205773143,0,0,0,0,0,1.0938828731138,0.598255193250165,1.18222621966499,1.56151582695399,2.01778296941859,0,0,0,0.760096363785173,0,1.32003627186564
"ENSG00000261804",0.423365859490956,0,0,0.295568369920321,0.105395778142803,0,0,0,0,0,0,0.203613319112689,1.43576894091907,0,0.38201189628729,1.12084083557692,0,0.813848684272688,0.3394374776129,0.874745205753237,0.0536601333790783,0.750267989574245,0,0.423365859490956,0.155340209509338,0.614027850899729,1.35258013216981,1.26429937297554,1.24135850898959,0.38201189628729,0.203613319112689,2.3048184234278,1.41541710589403,0.717395034646583,0,0.105395778142803,0,0.203613319112689,0.540758197065557,0.423365859490956,1.12084083557692,1.83868643385977,0.874745205753237,0.614027850899729,1.17026243463714,0.717395034646583,0.540758197065557,0.463567392765985,1.28688114778816,0.961525852146373,1.60706550308908,0.683755543190786,1.33101119983089,1.12084083557692,0.844618228353678,1.77621483249855,0.782408564927373,0.844618228353678,0.683755543190786,0.904255905327465,1.39477405827414
"ENSG00000269930",1.17649765561936,0,1.31515456646525,0,0,0,0,0,0,0,0,0.83861626454869,0,0,0.234815844070492,0,0.0913950668478472,0.234815844070492,0.499384407973253,0,0,0,0.651612975418041,0.388822041342845,1.16857850937112,0,1.40456024900925,1.29555032683971,1.49960988176891,0,0.436708782552497,1.38516563586416,2.13079404512368,0.402391326319852,0.713571416619183,0.508375992441151,0,0.535019316670789,0,0.909565674413686,0,0.759484441025183,1.31207681560873,0.635288104677819,0.300476417316159,1.27145683832784,0.417744394356997,2.10435148561092,1.70987344399339,1.63959129588623,1.66715310131492,0.177343562461915,1.2533863750296,0.499384407973253,0.818513693988085,1.53787635764537,1.06024458694944,1.28512430091625,0.811265775913523,0,0.648362745255865
"ENSG00000272235",0,0,0,0.0481388688229734,0,0,0,0,0,0,0,0.139850273052895,0,0,0,0,0,0.0947232049681445,0,0.226078458741281,1.43109484149112,0.0947232049681445,0.0481388688229734,0,0.0481388688229734,4.54597069742546,1.37557995345022,0,0.56073800122141,0.0947232049681445,0,0,0,0.18360849031989,0,0,0,0.0481388688229734,0,0,0.49278950950387,0,0.0947232049681445,0,2.7659745986061,0,0.0481388688229734,0.912409676222897,0.226078458741281,0.139850273052895,0.346465692243116,0.0947232049681445,0,0.56073800122141,0,0.384461319698872,0.71780238012851,0.657012789025281,0.384461319698872,0.93818555902293,0.384461319698872
"ENSG00000273771",0.862496476105796,0,0,0,0,0,0,0,0,0,0,4.01954018655738,0,0,0,0,0,0.218640286926183,0.218640286926183,0,0,0,0.726434927070381,0.726434927070381,0.576192291181393,3.19877986414307,0,0.576192291181393,0.726434927070381,0.862496476105796,0,1.56736844088344,0,0.218640286926183,0,0.576192291181393,0,0.576192291181393,0,0,0,0,0,0.408464845058913,0,0,0,2.14937762391997,0,1.3061031278848,1.48542682717024,1.78849589499612,0.408464845058913,1.91908000468579,0.576192291181393,1.85526490694649,0.218640286926183,0.862496476105796,0,1.91908000468579,2.09515723313243
"ENSG00000278920",0,2.64249236888815,0.511161199912505,0,0,0,0,0,0,0,0,0.278101853688532,0,0,0.278101853688532,0.581170921437292,0.0987781548388474,0.278101853688532,1.14059832987911,0.511161199912505,0.36004346753857,0,0.278101853688532,0.36004346753857,0.511161199912505,0,1.93909327520057,0.581170921437292,0,0.191224402655741,2.11460312150083,0.36004346753857,0,0,0,1.23048383374325,0,0.278101853688532,0,0.36004346753857,1.31509606118579,1.61122815530341,1.1862409956137,0.994308887739669,0.511161199912505,1.09346435477336,0.437580068290606,3.35227807745173,2.04198244939754,0.278101853688532,0.0987781548388474,1.64431051038533,1.1862409956137,0.831494275598337,0.36004346753857,1.0447383147763,0.278101853688532,0.581170921437292,0.36004346753857,0,0.278101853688532
"ENSG00000285854",0,0,0,0,0,0,0,0,0,0,0,0,0,0,0,0.615928851688452,0,0.329840426989021,0,0,1.19574882909412,0,0.337014063539326,1.02563199634897,0,0,1.06648636390308,0.803691707820305,0,0,2.15449916064321,2.03534218475853,0.705491054903475,1.55074812432673,0,0.596133959524404,0,0.842854599840283,0,0,0,0,1.46930393768099,2.92627689938635,0,0.805416732543352,1.0122506684706,2.29311989645167,1.06504702742118,0,0.273624418061008,0,0,0,0.750957896548214,1.03153964488433,0.273624418061008,1.72673563728135,0.329840426989021,1.3264404375406,1.76358387976081
"ENSG00000286407",0.66626260306016,0,0,0.134649526751918,0.911066271879926,0,0,0,0,0,0,0.476438044123324,0,0,0,0.25779775757257,0.371255807396412,0,1.05386687231108,0.134649526751918,0.371255807396412,0,0.371255807396412,0.25779775757257,0.476438044123324,1.86445532935703,1.65634713393802,0,0.66626260306016,0.574470127114126,0.574470127114126,0.911066271879926,1.93996241731225,0.25779775757257,2.20775707484585,0,0,0.134649526751918,0,0.134649526751918,0,0,0,0.25779775757257,0.25779775757257,1.51535703314752,0,0.134649526751918,0,0.476438044123324,1.30298653103053,0.134649526751918,2.35295499045887,1.56390088512968,1.56390088512968,0.833990048842572,0.25779775757257,2.17687776194536,1.18379717574776,0.66626260306016,2.08006438907753
"ENSG00000286471",0.64519668504427,0.168572212049961,0.160595380061637,0.0698097166018042,0,0,0.679096006507906,0,0,0.513604262777457,0.519853462871012,0.120035921034223,0.246004747590666,0.0698097166018042,0.749921058883004,0.862384712179151,0.144508168314927,0.532271237270658,0.283216312166967,0,0.192241444497885,0.31949215877191,0.354878196548069,0.416464834563765,0,1.46791841581187,2.0781266842412,0.176505181597656,2.04384462316335,0.215528613130679,0.44957671926058,1.40178293097133,2.43958536876921,0.253524241833956,0.275850387674412,0.0951413806201373,0.84755531899432,0.136396789646756,1.50304077672871,0.586865301758623,0.0867468166459141,0.375700562853867,0.326639141985122,0.375700562853867,1.07677328421525,0.238445856656105,0.200045674013628,0.184394768443357,0.837583689592801,1.99533580960551,1.11442610160457,0.0526714107944894,1.1102906557313,1.45818930802501,0.786664748196628,1.94977523070052,0,0.872186961981989,0.891593894802881,1.29287804679118,0.44957671926058
