Row.names,1,2,3,4,5,6,7,8,9,10,11,12,13,14,15,17,19,20,21,22,23,24,25,46,47,T03_1_048,T04_1_070,T05_3_044,T08_2_164,T10_2_117,26,27,29,30,31,32,33,34,35,36,37,38,39,41,42,43,44,45,T01_1_016,T03_2_045,T03_3_085,T04_2_044,T04_3_028,T05_1_034,T07_2_060,T08_1_161,T08_3_020,T09_3_077,T10_1_291,T11_1_015,T11_3_146
ENSG00000077232,0.749382817,0.511749581,0.489563906,0.219884695,0.401067711,0.21150344,0.266721121,0.544042065,0.431388135,0.677760061,0.364338093,0.42892306,0.746106732,0.530977167,0.931798371,0.434346225,0.180196987,0.621938436,0.580525175,0.198931557,0.431388135,0.200657109,0.599013238,1.230811975,0.827772204,0.488331368,0.413393087,0.685290865,0.659407577,0.65127283,0.472308381,0.32612943,0.711640053,1.288001716,0.43286718,0.529744629,2.151024493,4.703116698,0.621445421,0.258586373,0.367542691,0.180936509,0.401560726,0.717829856,1.299668917,0.438561503,0.22629389,0.341412895,0.569925353,0.213968515,0.600492283,3.575591367,1.015610923,0.240837833,0.955463091,2.440670812,3.994900634,0.384460501,0.588166908,0.592571997,0.358668421
ENSG00000077312,1.618131868,1.021978022,1.285214785,2.516233767,1.494255745,1.958791209,0.805194805,1.037462538,0.913586414,1.540709291,1.076173826,0.665834166,2.283966034,1.184565435,0.867132867,1.02972028,1.083916084,1.780719281,1.223276723,2.105894106,0.975524476,0.774225774,1.308441559,2.121378622,1.114885115,1.494255745,0.727772228,1.037462538,1.447802198,1.57942058,0.5497003,0.843906094,3.298201799,1.501998002,0.72002997,0.975524476,1.161338662,0.588411589,1.50974026,0.495504496,1.285214785,0.046453546,0.5497003,0.286463537,1.192307693,0.495504496,1.308441559,0.5497003,0.998751249,0.418081918,0.642607393,0.472277722,0.998751249,1.060689311,1.416833167,1.207792208,0.967782218,2.05944056,1.331668332,0.983266733,1.083916084
ENSG00000085465,16.38156004,0.047156258,0.128369813,0.015718753,0.039296882,0.0995521,0.044536466,0,0,0,0.170286487,0.167666695,0.337953182,0,0.2986563,0.165046903,0,0.125750021,0.020958337,0.062875011,0.028817713,0.170286487,0.172906279,0.196484408,0.031437505,0.007859376,0.094312516,0.073354179,1.757880504,0.123130229,1.315135638,7.5345221,0.052395842,0.13622919,0.041916674,0.065494803,0.128369813,6.536381307,0.015718753,0.259359419,0.036677089,0.015718753,0.010479168,0,0.023578129,0.039296882,0.065494803,0.026197921,0.133609397,0.238401082,0.191244824,8.013944055,0.1991042,0.060255218,0.115270853,0.340572974,4.618693485,0.094312516,0.309135469,0.309135469,0.073354179
ENSG00000092758,0.248663102,0.165775401,0.828877005,584.3508288,1.243315508,0,0,0,7.045454545,4.061497326,2.486631016,10.11229946,2.237967914,0,0.331550802,0.248663102,0,0.331550802,0.082887701,0.082887701,11.27272727,0.580213904,0.165775401,2.735294117,0.497326203,1.077540107,29.34224599,0.165775401,0.331550802,2.486631016,0,0.248663102,0,0.828877005,0,0,0,0,9.44919786,0,10.52673797,0,0.745989305,0,0.745989305,0.994652406,0.165775401,0.082887701,0,1.657754011,0.248663102,0.248663102,0.248663102,0.414438503,0.414438503,0.331550802,0.911764706,0.745989305,1.077540107,0.082887701,0.828877005
ENSG00000100823,2.721432075,0.471309465,1.283178029,1.01559588,1.076410005,0.893967631,1.383521334,2.055517411,2.140657185,1.623737126,1.833545856,2.052476705,1.955174105,2.569396763,0.963903875,1.283178029,0.535164296,1.198038254,1.803138794,2.496419814,0.95174105,0.982148112,1.432172634,2.198430604,1.146346248,2.107209417,0.519960765,1.602452183,1.29838156,1.006473762,0.833153507,0.845316332,2.514664051,1.885237862,0.498675822,0.90308975,1.307503678,0.574693477,1.94301128,0.413536047,1.046002943,0.158116724,0.90308975,0.635507602,0.954781756,1.207160373,1.222363904,0.811868563,0.781461501,0.486512997,0.79058362,0.416576753,1.042962237,1.267974497,1.091613536,1.325747916,1.018636587,1.471701815,1.08857283,0.772339382,0.787542913
ENSG00000106366,0.417936694,0.090855803,13.28311841,1.907971865,7.613716297,0.199882767,0.517878078,0.390679953,3.379835874,12.51992966,0.972157093,0.272567409,0.109026964,2.589390388,1.562719813,0.036342321,0.445193435,0.672332943,3.279894491,1.262895663,0.245310668,0.127198124,0.953985932,0.327080891,0.427022274,5.051582651,15.8270809,1.235638922,0.681418523,7.895369287,0.390679953,0.236225088,6.532532241,1.544548652,0.735932005,0.127198124,0.354337632,0.109026964,1.76260258,0,0.572391559,0.063599062,1.008499414,1.49003517,0.635990622,0.517878078,0.354337632,0.863130129,0.463364596,0.545134818,0.154454865,0.054513482,1.099355217,6.768757329,0.263481829,0.172626026,0.218053927,1.953399766,0.735932005,1.099355217,0.172626026
ENSG00000107223,2.746750433,0.624566724,2.471403813,2.901213172,1.58492201,0.308925477,1.175259965,0.826039861,3.263864818,1.618500867,3.304159446,1.302859619,1.30957539,1.188691508,0.664861352,2.07517331,0.685008666,1.772963605,1.450606586,1.645363952,0.805892548,1.41702773,1.846837088,2.800476603,0.678292894,0.449956672,1.215554593,1.537911612,0.758882149,0.792461005,0.906629116,0.846187175,1.678942808,1.860268631,0.510398614,0.510398614,1.430459272,0.637998267,1.90727903,0.510398614,1.242417678,0.05372617,1.014081456,0.32907279,1.705805893,1.370017331,0.893197574,0.772313692,1.134965338,0.409662045,0.993934142,0.463388215,1.074523397,1.336438475,1.302859619,1.040944541,0.537261698,1.175259965,1.215554593,1.235701906,0.899913345
ENSG00000109063,0.714285714,1.238095238,1.523809524,5.761904762,1.714285714,2.857142857,1.333333333,10.42857143,0,0.80952381,1.857142857,3.904761905,0.523809524,0.238095238,1.80952381,2.80952381,0.428571429,2.238095238,2.380952381,1.761904762,2.380952381,2.142857143,0.619047619,2.857142857,0.285714286,0,1.380952381,3.428571429,1.80952381,2,2.095238095,0.333333333,1.142857143,0.523809524,0.714285714,0.380952381,1.285714286,0.428571429,0.761904762,0.428571429,1.428571429,0,1.047619048,0.238095238,0.666666667,1.380952381,0.80952381,0.666666667,0.333333333,0.285714286,0.380952381,0.19047619,1.666666667,1.476190476,0.714285714,2.619047619,0.523809524,1.80952381,1.761904762,3.333333333,1.571428571
ENSG00000111218,1,0,0,0,0,0,0,0,0,0,0.333333333,0.555555556,0,0,0.333333333,0.222222222,0,0,0.111111111,0.111111111,0,0,0,25.55555556,0.111111111,0,0.111111111,0,0.222222222,0,0,0.666666667,0.222222222,0,0,7.666666667,2.222222222,0,0.111111111,0,0.666666667,0,0.111111111,0,0,0.555555556,0,0,0,5.444444444,0,3.555555556,1.111111111,0,0.444444444,1.444444444,2.111111111,0,3,0,1.666666667
ENSG00000112234,0.823258089,0.578447131,1.076734922,0.411629045,0.340135579,0.526451883,0.513453071,0.61311063,0.255643301,1.074568453,0.831923964,1.070235516,0.69326997,1.044237892,1.094066671,0.656440003,0.452791949,0.825424558,0.574114194,0.532951289,0.463624292,0.357467328,0.957579146,0.766929904,1.035572018,0.75826403,0.639108253,0.888252149,0.959745615,0.480956042,0.790761059,0.662939409,1.200223635,0.912083304,0.630442379,1.893493605,1.024739674,0.541617164,1.087567265,0.524285415,0.842756307,0.132154588,0.818925152,0.680271158,1.232720665,0.537284227,0.569781257,0.779928716,1.518694528,0.864420994,1.020406737,0.88608568,2.185966874,0.90341743,1.35404291,1.56419037,1.577189182,1.052903767,1.026906143,1.243553008,0.940247397
ENSG00000116183,0.291993721,0,0,0,0,0,0,0,0,0,0.486656201,5.83987441,1.362637362,0,0.04866562,0,0,0.09733124,0,0,0,0.924646782,0.04866562,0.340659341,0.04866562,0.291993721,0,0.09733124,0.14599686,0.04866562,0.14599686,0,4.039246467,0,0,0,0.681318681,0,0.340659341,0.632653061,13.0910518,3.990580847,0.2433281,0,0.340659341,0,0,0.04866562,0,2.725274725,0.583987441,0,2.725274725,0,0,0.09733124,0.14599686,0.437990581,0.09733124,0.632653061,0
ENSG00000123243,1.639617447,0.148239386,0.080857847,0.215620925,0.60643385,0,0.116794667,0.835531083,0.085349949,0.377336618,0.22460513,1.07361252,0.70975221,0.462686567,0.202144617,0.004492103,0.148239386,0.233589335,0.426749746,0.215620925,0.134763078,0.040428923,0.305462976,0.175192001,0.085349949,0.95232575,0.26054195,0.062889436,1.92261991,0.377336618,2.219098682,2.169685553,0.619910158,0.071873642,2.228082887,0.004492103,0.085349949,1.720475294,0.116794667,0.094334154,0.157223591,0.916388929,0.336907695,0.013476308,0.651354876,2.677293146,0.058397334,0.283002463,0.067381539,1.221851906,0.323431387,2.937835097,1.293725547,0.256049848,0.080857847,3.894652949,1.545283292,0.817562672,3.472395305,0.283002463,0.381828721
ENSG00000126838,0.046156022,0,0.150007072,0.10385105,0,0,0,0,0,0,0,0.184624089,0.173085083,0,0.184624089,0.034617017,0,0.034617017,0,0,0.046156022,0.023078011,2.042403984,0.300014145,0.046156022,0.4154042,0.092312044,0.230895501,0.2077021,0.126929061,0.196163095,4.122425127,0.109505163,0.777036634,0.046156022,0.057695028,5.711807752,5.019467419,0.011539006,0,0.023078011,0.150007072,0.092312044,0.219241106,0.380787183,0.092312044,0,0.023078011,0.115390056,0.265397128,0.2077021,4.999504939,0.854347972,0.126929061,0.150007072,3.751446098,1.765467851,0.992354478,0.080773039,0.369594348,0.288475139
ENSG00000127554,1.491299898,0.768125213,1.547015889,2.487388507,0.728840718,3.947336356,1.223863138,1.850904128,1.064269874,1.678467856,1.786311352,0.873702296,3.148803432,4.065000975,0.667269825,1.976690062,0.644416825,1.533984013,0.671613784,2.680411366,1.359659063,0.829884974,1.264847444,2.55651411,1.391577716,0.976824097,1.118663791,1.770068724,1.744004972,1.123574353,0.283301652,0.742816932,1.539272311,1.562880782,0.377735536,0.541672759,1.089767023,0.390200809,1.977445533,0.245528099,0.89447775,0,0.343361603,0.476702247,1.196477312,0.564148024,0.651971536,0.763970122,1.889433153,0.823463469,0.41040966,0.644983428,1.238405956,2.07754545,2.329306185,1.523596286,1.054259882,1.682434079,1.503576303,0.494078082,1.686778038
ENSG00000130948,0.392246179,0,0,0.392246179,0,0,0,0,0,0,0,0.174941796,0,0,1.543096468,0.392246179,0.156898472,0,0,0,0.718595,0.011767385,0.689568782,0.546006681,0.235347707,0.235347707,0,0.156898472,0.156898472,0.100415022,8.001822049,0,0,0,0.470695415,0.078449236,1.49053548,3.569440228,0.156898472,0.470695415,0.073742282,1.176738537,0.078449236,0,0,1.098289301,0,0.127087762,0.735853832,1.333637008,0,2.919096063,0.313796943,1.255187772,2.153431522,1.497595911,1.708624355,0.200830044,1.62703715,0.392246179,0.06981982
ENSG00000133121,0.818190835,0.523746363,0.849459275,0.427335341,0.852064978,0.440363857,0.44674783,0.938053187,1.016224285,1.159537967,0.648820121,0.995378659,0.510717846,0.44296956,0.781710989,0.745231143,0.379572799,0.677482857,0.659242934,0.343952835,0.372615571,0.583677538,0.987561549,0.808732132,1.073549758,0.427335341,0.315290099,0.694003016,0.789528099,0.672922876,2.160128032,1.954277472,1.539970648,1.034464209,0.414306824,0.711357,1.451376736,0.935447483,0.427335341,1.519125022,1.678072923,0.627974494,0.49768933,0.646214417,0.323107209,1.003195769,1.029252802,0.44296956,0.71917411,0.662943033,0.852064978,0.993398325,1.245526176,0.915018769,0.773893879,1.37581134,1.156932263,0.307472989,0.725245398,1.559643708,1.316609761
ENSG00000136942,1.860230293,0.467293427,1.565097602,1.759616876,2.526514701,0.943530269,1.415295403,1.12463442,1.26325735,2.560052507,2.331995427,1.12463442,1.674654434,1.638880775,0.816086607,1.307952066,0.847388559,1.987673955,1.164879787,2.463910797,0.961417099,0.742303434,1.513672967,1.674654434,0.892105633,1.520380528,0.690878799,1.375050036,1.2028893,0.737831727,0.451642451,0.552255868,2.32752372,2.38789177,0.48741611,0.764661971,1.231955398,0.458350012,1.276672473,0.820558314,0.677463676,0.474000988,0.690878799,0.538840746,1.549446626,1.120162712,0.963652952,0.518718062,0.994954904,0.342085619,0.585793674,0.299604398,1.480112802,1.35939906,1.144757103,1.23193304,0.829501729,2.329759574,1.205125154,0.74894392,1.155936372
ENSG00000137309,1.310591773,0.411529524,1.722121297,7.663347083,2.300487114,0.68032133,0.443043046,0.819351575,2.276388539,1.961253317,0.500508881,1.722121297,1.280931987,0.828620258,0.229863338,0.355917426,2.532204189,0.69144375,4.778932942,2.598938706,0.975065449,0.391138422,0.969504239,1.069420642,1.002871498,8.102682656,0.904623458,3.056811645,2.441371096,2.906658981,0.524607456,0.726664745,3.069787801,0.711834852,0.537583613,0.391138422,1.180830211,0.16869003,4.467505194,0.533876139,0.785984316,0.059319571,1.067715204,0.34294127,0.886086092,1.590505998,0.34294127,0.519046247,1.440353334,0.489386461,0.296597855,0.633977915,0.474556568,1.525625218,1.820369336,1.112241957,0.454165466,2.250436226,1.494111696,0.483825251,0.617294286
ENSG00000139163,0.714555108,0.582314171,0.668582937,0.607854266,0.757121933,0.690150128,0.571530575,0.576071036,0.360966679,0.69696082,0.581746613,0.818418162,0.900714024,0.807634566,0.861552545,0.589124863,0.616935189,0.624313438,0.740662761,0.426235811,0.481288905,0.519882827,0.944415965,0.889930428,0.781526913,1.27700476,0.602746247,1.148169169,1.403002563,0.80422922,0.756554376,0.788337605,0.895038447,0.79458074,0.973361406,1.448407177,1.131709996,0.933632369,0.925686562,0.536909557,0.547125595,0.256536067,0.647583303,0.59707067,0.669150494,0.396155254,0.416019773,0.458019041,1.280410106,0.535774442,1.170871476,1.603350421,2.729384841,0.97733431,1.593134383,1.789509337,1.656700842,1.165763457,1.20378982,1.136250458,0.985847675
ENSG00000141858,1.108999441,0.537171604,3.771753306,1.605738774,1.750139742,0.912614123,1.917644866,1.732811626,0.55449972,1.316936836,0.895286007,1.409353456,1.53065027,2.010061486,1.005030743,1.403577417,0.964598472,0.739332961,2.241103037,1.374697223,1.472889882,1.241848332,0.849077697,1.692379355,2.304639463,1.363145146,0.606484069,1.998509409,1.34581703,0.831749581,0.485187255,0.814421464,1.90031675,1.270728526,0.317682131,0.202161356,1.848332401,0.710452767,1.420905533,0.722004844,0.704676728,0.375442519,0.756661077,0.953046394,1.363145146,0.924166201,0.820197503,0.802869387,2.368175889,0.670020495,0.548723682,0.739332961,1.305384758,0.999254704,1.472889882,1.184087945,0.623812185,1.467113844,1.137879635,1.16098379,0.929942239
ENSG00000147206,0,0.196825397,0,0,0,0,0,0,0,0,6.1015873,0,0.295238095,0,0,0.344444444,0,0.098412698,0.344444444,0.049206349,0,0.492063492,0,0.098412698,0.541269841,0,0.344444444,0.049206349,0,0.147619048,1.869841269,0.885714286,0.196825397,0,0,0.295238095,0,0.295238095,0,0,0.196825397,0,0.049206349,0.147619048,0,0,0,0.492063492,0,0.196825397,0.295238095,0.147619048,2.263492063,0,18.2063492,1.377777777,1.328571428,0,1.476190476,0.492063492,0.787301587
ENSG00000150637,0.283181086,0.066630844,0.408113917,0.45808705,0.591348737,0.124932832,0.174905965,0.358140785,0,0.54970446,0.383127351,0.441429339,0.907845245,0.791241268,0.991133799,0.258194519,0.483073616,0.199892531,0.433100484,0.158248254,0.358140785,0.483073616,0.27485223,0.45808705,0.216550242,0.491402472,0.666308436,0.82455669,0.574691026,0.241536808,0.341483074,0.399785062,0.333154218,0.724610425,0.54970446,0.291509941,0.499731327,0.999462655,0.416442773,6.837990329,0.258194519,0.116603976,0.849543257,0.466415906,0.283181086,0.249865664,0.299838796,0.174905965,0.216550242,1.032778077,0.241536808,1.091080065,1.790703923,0.516389038,0.566362171,0.957818377,1.166039764,6.837990329,0.749596991,1.041106932,0.699623858
ENSG00000151320,1.297051104,0.043075498,0.014358499,0.167515825,0.83279296,0.119654161,0.229735989,0.13401266,0,0.559981473,0.114867994,0.588698471,0.75142813,0.488188976,0.344603983,0.847151459,0.110081828,0.277597653,0.33503165,0.445113478,0.177088158,0.296742319,0.382893315,0.512119808,0.588698471,0.28238382,0.234522155,0.579126139,0.679635634,0.655704802,0.325459318,1.526787093,0.540836807,1.641655087,0.119654161,0.224949822,2.728114868,1.928825073,0.445113478,0,0.799289795,0.473830477,0.234522155,0.287169986,2.919561525,0.521692141,0.081364829,0.119654161,0.789717462,0.588698471,0.583912305,4.719160104,1.727806083,0.057433997,0.469044311,1.196541609,1.287478771,0.41639648,0.502547476,3.044001852,0.698780299
ENSG00000151632,1.539665075,4.631274343,0.523567986,1.268501199,2.869902955,13.59571331,0,4.945756221,5.88374447,36.95605483,0.341086636,1.55740158,0.750390599,0,0.232621086,0,1.66996017,0.529707546,1.845619787,0.802917941,0.561087516,0,2.959267654,0,1.950333384,85.14068172,92.08793432,2.762801751,0.472746077,183.1263451,0.034108664,1.10716722,0.664436767,0.989151244,1.193803226,0.545738618,0.442389367,0.818607926,0.567227076,0.204651982,1.541711595,0,0.580188368,0.47752129,0,7.462293422,1.755914002,0.076744493,0,1.611634355,0.069240587,1.849712827,1.434610391,0.272869309,0.0688995,1.176407807,1.703727747,0.232621086,1.747386836,0.905585018,1.465649275
ENSG00000152154,0.426214482,0.170485793,0.042621448,0.284142988,0,0,0,0,1.136571952,0,0.440421632,0.596700275,1.065536205,0,0.653528873,0.184692942,0.213107241,0.184692942,0.213107241,0.099450046,0.24152154,0.440421632,1.619615032,0.369385885,0.099450046,0.554078827,0.071035747,0.184692942,0.454628781,0.184692942,1.534372136,3.409715857,0.056828598,1.66223648,0.014207149,0.113657195,0.412007333,4.034830431,0.255728689,0.113657195,2.244729606,2.116865261,0.156278643,0.312557287,0.24152154,0.156278643,0.184692942,0.198900092,0.042621448,0.170485793,0.056828598,4.233730523,0.24152154,0.170485793,0.539871677,1.221814849,5.49816682,0.085242896,0.298350138,0.554078827,0.667736022
ENSG00000153993,0.742604502,0,0.004983923,0.129581994,0,0,0.084726688,0.348874598,0.19437299,0.024919614,0.039871383,0.33392283,0,0.03488746,0.22926045,0.039871383,0.084726688,0.03488746,1.520096463,0.503376206,0.029903537,0,0.224276527,0.009967846,0.014951768,0.059807074,0.22926045,0.049839228,0.318971061,2.123151125,0.26414791,2.138102894,0.603054662,2.27266881,0.064790997,0.254180064,0.887138264,1.70948553,0.119614148,0,0.279099678,0.119614148,0.363826367,1.305787781,0.024919614,0.049839228,0.054823151,0,0,0.363826367,0.593086817,10.66559485,1.425401929,0.42363344,0.837299035,2.621543408,1.450321543,0.637942122,0.603054662,0.114630225,0.752572347
ENSG00000155506,1.330534276,0.80376386,1.32351067,1.620258004,1.261615146,1.038176695,1.074172673,0.744502188,1.154066186,1.453886348,1.404721109,1.018422804,1.186111386,1.46968946,0.899460485,0.893753806,0.807275662,1.018861779,1.315609114,2.662385477,0.648366587,0.893753806,1.179965732,1.361701525,1.314292188,1.692249961,0.725626248,1.202353474,1.682592503,1.504368513,0.723870347,0.944235971,1.670301194,0.887169175,0.621589091,0.535549923,1.193573967,0.616321387,1.471884337,0.758110424,1.053979807,0.257239553,0.70938416,0.47453235,0.870049137,0.594811595,1.143091803,0.615882411,1.256786417,0.572423852,0.77259661,0.763817103,1.467933559,1.664155539,1.70366332,1.49427208,1.105778898,1.640011895,1.125532789,1.309024484,0.982426826
ENSG00000155657,0.385669905,0.445088099,0.396336635,0.477905572,0.137438566,0.44167775,0.067305566,0.692994929,0.207247057,0.504728642,0.329755205,1.01243796,0.505038128,0.153258378,0.611413973,0.42337304,0.093629854,0.733810947,0.471938212,0.389185419,0.216378379,0.207655698,0.310816501,0.353853001,0.297697925,0.542527929,0.544165497,0.345415768,0.596624777,0.696414292,0.491168374,0.494879194,0.299831271,0.482484754,0.515091897,0.253507614,0.4572662,0.279432276,0.124509287,0.38597939,0.35387103,0.089696685,1.172934691,0.274237128,3.957456079,0.431080128,0.64235951,0.301129307,0.565381774,0.585940019,0.379375031,0.260712916,0.952331686,0.619869235,0.90443957,0.494070926,0.763981268,3.004673686,0.422663928,10.49352358,0.546121565
ENSG00000156218,0.278567092,0.203278689,0.056466302,0.23339405,0.308682453,0,0,0.779234973,0.052701882,0.097874924,0.067759563,0.530783242,0.263509411,0.365148755,0.112932605,0.387735276,0.01129326,0.365148755,0.00752884,0.338797814,0.406557377,0.218336369,0.184456588,0.116697025,0.350091075,0.015057681,0.538312083,0.105403764,1.212143291,1.377777778,0.523254402,0.583485124,0.112932605,0.316211293,0.387735276,0.033879781,0.703946569,1.581056466,0.207043109,0.191985428,0.342562234,0.575956284,0.282331512,5.714389799,0.127990285,0.207043109,0.222100789,0.00752884,0,0.350091075,0.572191864,0.079052823,1.294960534,0,0.075288403,15.2195507,0.342562234,0.327504554,0.259744991,0.301153613,0.056466302
ENSG00000160211,0.768720844,0.304443899,0.905720599,0.966609379,1.225386693,4.985268843,0.357721581,0.502332433,18.6395777,5.403879203,0.768720844,0.586054505,0.738276455,1.217775595,0.821998527,0.593665603,0.334888289,1.088386938,0.905720599,0.745887552,0.319666094,0.72305426,1.057942548,1.35477535,1.408053032,12.28431132,3.69899337,4.596417873,1.286275472,7.146820524,0.152221949,3.424993861,2.321384728,0.821998527,0.304443899,0.57083231,2.260495948,0.114166462,1.689663638,0.076110975,1.758163515,0,0.57083231,0.273999509,0.776331942,0.456665848,0.327277191,0.487110238,1.194942303,0.586054505,0.593665603,1.301497667,1.385219739,0.928553891,0.920942794,1.35477535,0.905720599,2.420328995,1.073164743,0.639332187,1.309108765
ENSG00000163481,2.647595356,0.745439469,1.285240464,1.490878939,0.694029851,1.259535655,0.873963516,1.619402985,2.313432836,1.43946932,1.490878939,1.927860696,0.873963516,1.310945274,1.131011609,0.976782753,0.694029851,1.182421227,1.336650083,2.596185738,1.233830846,0.976782753,1.053897181,2.030679933,1.465174129,1.388059701,1.156716418,2.647595356,1.825041459,1.43946932,0.411276949,0.951077944,1.336650083,0.71973466,0.771144279,0.257048093,0.745439469,0.873963516,1.927860696,0.771144279,2.056384743,0,0.925373134,0.308457711,1.07960199,1.131011609,0.591210614,0.822553897,0.873963516,0.976782753,1.362354892,0.565505804,1.388059701,0.411276949,1.43946932,1.413764511,0.771144279,2.056384743,2.107794361,0.796849088,1.156716418
ENSG00000163644,0.702806315,0.984436282,0.733252798,0.51759021,1.121445455,0.329836899,0.169992863,0.41102752,0.268943933,0.535350658,0.405953106,1.192487249,0.649524969,0.393267071,0.233423036,0.256257898,0.582847172,0.61654128,0.433862382,0.652062176,0.436399589,0.192827725,1.151891938,0.152232415,0.662211004,0.558185521,0.679971452,1.146817524,0.469383279,0.286704381,0.530276245,0.621615693,0.791608557,0.332780059,0.839815488,0.537887865,1.151891938,0.487143727,1.367554526,0.608929659,1.276215077,0.436399589,1.220396525,0.317150864,0.20551376,0.324762485,1.958723736,0.535350658,0.847427109,0.436399589,1.418298664,1.342182456,2.156625875,0.489680934,0.855038729,0.786534143,1.060552489,4.605030545,1.461431181,0.555648314,1.441133526
ENSG00000163931,1.210848537,0.878086609,0.788253541,2.088935146,3.029019224,6.752663157,0.489653484,0.430186523,1.376596874,3.316231991,0.756622179,0.774335741,1.269050243,0.966654422,0.736378107,0.80217134,0.487122975,0.805967103,1.598016408,1.851067303,0.659197584,0.198644953,1.134933268,1.676462185,1.470225705,2.891106485,2.088935146,2.936655647,2.775968328,10.35484266,0.3390882,1.047630709,2.872127668,1.272846006,0.769274723,0.439043304,1.231092608,0.459287376,1.260193462,0.354271254,0.816089139,0.208766989,0.411207706,0.325170401,0.713603526,0.880617118,0.340353455,0.342883964,0.862903555,0.331496674,0.552916208,0.55924248,0.703481491,2.550753031,1.622056243,1.886494429,1.387984164,1.452512142,2.21166483,0.990694257,1.804252888
ENSG00000164120,0.081165998,0,0.043288532,0.211031594,0.070343865,0,0.156920929,0,0,0.21644266,0.871181707,1.368999826,32.82894048,0.481584919,0.384185722,0.054110665,0,0.064932798,0.119043463,0.10822133,0.005411067,0.146098796,0.367952522,0.032466399,0.043288532,0.010822133,0.064932798,0.043288532,0.156920929,0.151509862,1.67201955,1.677430616,0.12445453,0.21644266,0.005411067,0,0.043288532,4.382963868,1.287833828,0.616861581,0.005411067,0.806248909,0.059521732,1.785651946,0,0,0.032466399,0.119043463,0,0.454529586,0.054110665,2.029149939,1.103857567,0.097399197,0.99022517,0.514051318,11.82318031,0.227264793,0.200209461,0.589806249,0.081165998
ENSG00000167165,0.254703804,32.13088489,0,0,0,326.5124476,0,24.036398,0,106.0000822,1.018815217,0,0,0,0.509407608,0,0,0,0.764111412,3.29077315,0,0.254703804,1.046832635,0,0.254703804,34.52255361,126.1242297,0,0.764111412,43.97970586,0,0,0,0,0.254703804,0,0,0,0,1.018815217,1.782926629,0,0,0,0.254703804,2.547038041,0,1.273519021,0,7.25651138,0,0,2.292334237,0,4.266288719,0,4.205159806,0,1.337194972,0,4.510804371
ENSG00000171658,0,20.50520833,0,0.484375,3.390625,27.125,1.291666667,0,9.203125,0,0.807291667,0,0,0,0.322916667,0.807291667,0.484375,0.484375,0.161458333,0,0,0,0.322916667,2.098958333,0.645833333,28.90104167,105.7552083,3.067708333,0.322916667,18.40625,0,4.036458333,1.9375,0,0.322916667,0,0.161458333,0,0.96875,0,6.619791667,0,0.322916667,0,0,0.96875,0,0,1.130208333,2.098958333,0,1.291666667,0.807291667,1.130208333,5.166666667,0.484375,0.645833333,0.161458333,0.645833333,1.291666667,0.807291667
ENSG00000171928,0.70360995,0.775303875,0.658615831,0.300084401,0.367822799,0.86865019,0.691681564,0.302103367,0.061042845,0.906001077,0.453525882,0.556658005,0.976726722,0.46234341,0.69295887,0.700354881,0.910904282,0.583069388,0.60330026,0.647923548,0.319635416,0.296170077,1.068342493,0.586860101,1.148009277,0.880001728,0.465454268,0.987748633,1.16170941,0.772028204,0.696996803,1.430685239,1.018527576,0.423035362,0.465948708,0.704928459,1.246835645,1.36329707,0.941806836,0.55078652,0.697656058,0.690157038,0.773676341,1.055775455,0.549406206,0.49052654,0.444708353,0.481585401,1.31780851,0.677198567,1.358352661,1.674053152,2.575048015,1.075779708,1.991958026,1.569973351,1.100645963,0.815106365,1.120011564,0.757565809,0.9401587
ENSG00000174123,0.026770294,0,0.240932642,0.133851468,0,0,0,5.728842832,0.856649396,0,0,0.374784111,0.481865285,0,0.080310881,0.026770294,0,0.214162349,0.026770294,0.187392055,0.080310881,0,0.053540587,0.053540587,0.214162349,0.240932642,0.615716753,0.160621762,0.696027634,0.080310881,0.776338515,0.428324698,0.936960276,0.080310881,0.481865285,0,0.133851468,0.401554404,0.535405872,0,0.080310881,0,5.889464594,0,0.080310881,0,0,0.348013817,0,0.455094991,0.053540587,0.160621762,0.321243523,0,1.33851468,1.820379965,0.29447323,13.8134715,0.160621762,0.508635579,1.900690846
ENSG00000177156,1.619738752,0.494920174,0.838793282,1.764358283,2.429608128,1.85434377,1.089467137,1.436554012,3.239477504,1.770785818,0.832365748,0.398507153,0.832365748,1.150528717,0.613829567,0.861289654,0.501347709,1.150528717,0.941633838,0.735952727,0.41457599,0.440286129,1.13445988,1.169811321,1.741861912,8.342940079,1.770785818,2.175720506,1.986108232,6.07402032,0.224963716,1.124818578,4.40286129,1.754716981,0.215322413,0.257101389,1.937901721,0.167115903,1.028405557,0.530271615,0.864503421,0.269956459,0.53669915,0.382438316,0.726311424,0.65882231,0.649181008,0.703815053,0.784159237,0.543126685,0.813083143,0.543126685,0.848434584,1.818992329,1.622952519,1.619738752,0.993054116,1.838274933,1.214804064,0.629898404,1.295148248
ENSG00000179520,0.279279279,0,0,0,0,0,0,0,0,0,0,0,0.558558559,0,0,0.418918919,0,0.13963964,0,0,0.13963964,0,0,0,0,0,0,0,0,0,0,0,0,0.698198198,0,0,0.977477477,8.238738738,0.13963964,0,0.279279279,0,0.13963964,3.90990991,0,0,0,0,0,2.234234234,0,6.144144144,0.977477477,0,0.837837838,4.189189189,1.954954955,0,0.279279279,0,0
ENSG00000182253,0.268906549,0.737596669,1.9123668,6.819564109,2.339711336,2.314391172,1.881811665,3.472174357,2.424325554,1.666643691,3.306044168,0.688131539,1.185881088,0.235039495,1.701792779,0.874987938,1.100412181,6.025664797,0.480442095,0.760459602,0.480869439,1.464402889,0.880650253,2.74942791,1.578076536,0.974345543,1.863863195,4.954525717,0.339845742,1.490898251,0,0.267090335,1.634592851,1.160454088,0.448711763,0.876056299,1.164513861,0.405977309,0.950841593,0.844005459,1.55532044,0.160254201,0.820394673,0.126173474,1.132463021,1.121779408,0.94015798,1.198701424,1.666216347,1.019323555,0.740053901,0.24262486,4.037016997,0.459395376,1.43951007,0.676059056,1.046566769,1.577862864,0.557470947,1.997835707,0.732575371
ENSG00000186529,0.172541744,4.888682747,0,0,2.012987013,106.7458256,3.048237478,5.29128015,0,1.265306123,0,0.115027829,0,0,0.057513915,0,10.5825603,0.057513915,2.300556587,0.172541744,5.003710576,0.517625232,0.575139147,0.747680891,0.172541744,4.141001856,38.419295,0.690166976,6.15398887,15.40337663,0.977736549,0,0.287569573,0,2.243042672,0.115027829,0.230055659,0,0.345083488,0,0.575139147,0,0.287569573,0,0,0,0,1.610389611,0.575139147,2.300556587,0.402597403,0,0,5.981447126,10.12244898,0.690166976,2.473098331,0.575139147,1.207792208,0,0
ENSG00000186908,0.811327413,0.853261189,0.598012115,0.432100218,0.700111745,1.039228371,0.512321355,0.630829854,0.570664,0.64906193,0.497735694,1.013703464,0.656354761,0.603481738,0.814973828,0.745691937,0.426630595,0.700111745,0.91525025,0.829559489,0.577956831,0.262541904,0.749338352,0.625360231,0.69646533,0.818620243,1.008233841,0.479503617,1.002764218,0.960830442,0.909780627,0.494089278,1.070222902,0.720167029,0.814973828,0.957184026,0.835029112,0.898841381,0.917073458,0.483150032,0.898841381,0.238840205,0.743868729,0.634476269,0.623537023,0.557901547,0.536023055,0.731106275,1.398400282,0.608951361,1.075692525,1.081162148,2.386578839,1.325471975,1.225195554,1.323648768,2.308180909,1.609892372,1.37652179,1.117626301,1.097571017
ENSG00000187134,1.562493188,2.173547887,0.331669678,4.069133465,1.296623928,3.937354789,0,1.636118521,5.936264808,4.73976422,0.515733012,3.509474228,1.404927861,0,0.538140722,0.071135588,0.605363853,0.452955856,1.331836044,1.270837277,0.507730258,0.106703382,0.735897657,0.071135588,2.539896165,7.61364197,56.16510341,2.363657746,1.52070103,101.3054356,0.426813527,1.452410865,1.076281445,0.017783897,1.298224479,0,0.445130941,0,0.827840404,0.693571982,1.636652038,0.320110145,1.262478846,0,0.071135588,2.831552075,2.890238935,0.066689614,0.515733012,2.165189456,0.414364799,2.522467946,0.486033904,0.302326248,0.124487279,0.510575682,2.721825431,0.323311247,2.556968706,0.84758053,2.192220979
ENSG00000188385,0.385359116,1.241712707,1.241712707,0.256906077,0.599447514,42.81767956,0.299723757,9.762430939,11.08977901,5.866022099,0.727900552,1.96961326,0.98480663,0,10.14779006,0.342541436,0.128453039,0.556629834,0.085635359,1.198895028,0.128453039,7.569309392,1.841160221,3.168508287,0,0.813535912,3.296961326,0.256906077,0.428176796,19.56767956,0.342541436,0,1.027624309,0.04281768,0.770718232,0,0,0.727900552,0.214088398,0.770718232,0.428176796,0,0.856353591,0,0.856353591,0.342541436,1.156077348,0.085635359,0,8.69198895,1.156077348,0.470994475,2.397790055,0.98480663,0.685082873,0.428176796,1.92679558,1.198895028,0.770718232,2.825966851,1.841160221
ENSG00000189423,0.52572163,0.557898376,0.125403572,0.208594077,0.583064828,0.347993021,0.547811622,0.068968182,0.144694489,0.462830717,0.15125088,0.242939475,0.190488353,0.06874123,1.128430412,0.518232215,0.242964692,0.181082455,0.225312872,0.238576954,0.125554873,1.058352687,0.753606625,0.735173081,0.556763616,0.231844046,0.534572757,0.284875156,0.865065259,0.416633383,0.591159448,1.984291507,0.397771153,1.03994436,0.272493665,0.553208035,2.278118658,1.04294517,0.711418775,0.343151379,0.449919672,0.174425197,0.691119182,1.608559913,0.412800417,0.202113338,0.167288819,0.247856768,0.180426816,0.38897046,0.914994692,3.846155035,0.846984752,0.736181757,1.313421484,3.838716054,1.921123209,0.121217569,0.939631589,1.557016598,1.22657453
ENSG00000196754,3.049180328,0.664564943,0.195460277,0.234552333,1.954602774,1.21185372,0,10.3593947,0,0,0,0.078184111,0,2.931904162,0.273644388,0.312736444,20.24968474,0.039092055,24.5889029,2.814627995,0.78184111,1.016393443,4.84741488,0.234552333,1.837326608,25.68348046,20.36696091,9.382093317,5.785624212,2.658259773,1.99369483,0,1.290037831,0.039092055,1.954602774,0.351828499,1.016393443,0,1.99369483,0.664564943,0.938209332,0,0.547288777,0.351828499,0,0.742749054,0,0.234552333,2.580075662,1.563682219,1.720050441,0.156368222,0.234552333,1.016393443,5.277427491,0.742749054,0.899117276,0.078184111,3.20554855,0.195460277,1.21185372
ENSG00000196932,0.073393905,0.063228679,0.038909956,0.034046212,0,0,0,0,0.535011901,0.179958548,0.058364935,0.562297507,0.953439844,0.082683657,0.642014281,0,0.218868505,0.039250419,0.150776081,0.077819913,0.029182467,0,1.26063395,0.228595994,0.102138636,0.12490096,0.243187228,0.044260075,0.048637446,0.043773701,0.316143396,5.028090479,0.02495101,1.561262001,0.063228679,0.014591234,0.024318723,1.142979969,0.271348308,0,1.408637697,0,0.116729869,0,0.024318723,0.170231059,0,0.063228679,0.102138636,0.373584219,0.26750595,12.4761857,0.418282031,0.340462119,0.184822293,0.257778461,4.539575976,0.079424949,0.229033731,0.155639826,1.345506292
ENSG00000198074,0.439716312,7.365248227,0.219858156,0,2.858156028,203.2588652,0,0,0,10.33333333,0,0,0,0,0.54964539,0,34.82553191,0,1.319148936,0.659574468,0,0.989361702,3.627659574,0,0.109929078,75.84336879,105.5000355,13.5212766,2.528368794,38.36524823,0,1.64893617,1.978723404,0,1.758865248,0.109929078,2.968085106,0,0,0,0.439716312,0,0,0,0.659574468,0.219858156,0,1.539007092,0,0.989361702,0.54964539,1.429078014,0.439716312,3.29787234,10.9929078,0.219858156,0.329787234,0,0.329787234,0.329787234,0.769503546
ENSG00000199347,1.425242637,7.132697456,30.70042671,6.093917336,1.296854083,0.907797858,0.903907296,3.501506024,53.56007363,2.593708166,8.812123494,2.202058233,5.706157965,6.87332664,1.412274096,16.98619478,15.81513554,0,10.24255355,2.327853079,1.423945783,0.386462517,2.334337349,6.090026774,1.037483266,0,0.064842704,0.236027443,0.118013722,0.625083668,1.811705154,1.573084003,0,0.378681392,0.648427041,4.275727912,1.414867805,1.037483266,0.518741633,1.037483266,0.387759371,0.509663655,5.31061747,6.224899598,1.167168675,0.259370817,0.259370817,0,1.797439759,0,0.128388554,0.606927711,0.640645917,0,0.256777108,0.1270917,0,0.372197122,0.255480254,0,0
ENSG00000200320,2.487585462,3.333185163,3.716614101,1.935299057,0.996302803,0.258973111,0.601718773,0.476388036,8.186087533,1.110478448,3.942559391,2.061942157,4.026769398,4.145100861,2.467681279,5.6129797,2.107874888,1.373607377,1.82287323,1.519935934,1.367920468,0.836631882,2.182898348,3.774139379,0.544630951,0.517290039,1.811718138,1.801656683,0.749578421,2.875388946,0.058400186,1.167784998,0.195323469,2.061504703,0.34296439,1.993480516,3.449548081,1.982106696,0.78435606,1.08291881,1.176315362,0.276471294,0.858285884,1.139131723,1.652484671,0.45670258,1.538746481,0.493230038,0.551630224,0.136267101,0.429142942,1.274086461,1.481002476,0.600843864,1.011613713,0.586845317,0.328747116,1.124258267,0.657712959,0.733830056,1.374263559
ENSG00000204116,1.24569781,0.256960086,0.368681863,0.201099198,0.212271376,0.181547887,0.287683575,0.002793044,1.209388233,0.256960086,0.698261105,0.717812415,0.620055861,0.349130552,0.597711505,0.907739436,0.108928732,0.558608884,1.203802144,0.312820975,0.544643662,0.391026219,0.74574286,0.421749707,1.092080367,0.396612307,0.611676728,1.147941256,1.614379674,0.583746283,1.27083521,1.187043878,0.765294171,0.472024507,0.779259393,1.002702946,1.164699522,0.712226327,1.287593477,1.647896207,1.756824939,0.441301018,0.667537616,0.759708082,0.98594468,0.628434994,0.751328948,0.38544013,0.770880259,0.561401928,1.279214344,0.899360303,2.840526173,0.407784485,1.349040454,1.460762231,1.371384809,0.809982881,1.357419587,0.564194972,0.661951527
ENSG00000204131,0.148052512,0.093766591,0.301040109,0.409611951,0.705716976,0.439222454,0.407144409,0.922860661,0.584807424,1.46078479,0.256624355,0.604547759,1.845721322,0.449092621,0.663768764,0.019740335,0.096234133,0.259091897,0.310910276,0.439222454,0.414547035,0.086363966,0.251689271,0.152987596,0.698314351,0.629223178,0.458962789,0.115974468,0.160390222,0.424417202,0.737795021,4.258977276,1.761824898,2.181307017,0.345455862,0.192468266,0.194935808,2.637802264,1.041302671,0.444157537,0.81675636,0.407144409,0.525586419,0.177663015,0.227013852,1.243641105,0.3948067,0.190000724,0.143117429,0.496247346,0.167792847,3.217674604,2.267670983,0.858704572,0.214676143,0.666236306,2.452736623,0.764937981,0.439222454,1.02649742,0.505846084
ENSG00000205056,0.277089829,0,0,0.368225687,0,0,0.920564217,0,0,0,0,0.230141054,0,0,0.092056422,0.138084633,0,0.230141054,0.138084633,0,0.092056422,0,0,0,0.046028211,0,0.414253898,0.110927988,0,0.322197476,0,0,0.275248701,0.55233853,0.690423163,0,0,0,0.598366741,0.886963623,0.046028211,0,5.017074982,0,0,0,0,0.414253898,0.276169265,3.774313289,0.046028211,0.184112843,0.092056422,0.598366741,0.442791388,0.833110616,0.322197476,14.44365256,0.414253898,0.368225687,0.724023757
ENSG00000205426,0.04749684,0,0.16623894,0,0.16623894,0,0,0,0,0,0.04749684,0.433883633,0,0,0.403723139,0.067682997,0.30872946,0.04749684,0,0,0.06388325,0.028023136,0.13512851,0.04749684,0.04749684,1.796805454,0.09499368,1.000995901,0.271919409,0,1.187420998,0.341739763,0.30872946,0.309679396,0,0.21373578,0.02374842,0,18.44990998,1.371471253,0.168613782,0,0,0.1187421,0.1187421,1.515624162,0,0.126341594,0,0.350526679,0.175263339,0.109480216,0.034435209,0.21373578,0.21373578,0.04749684,5.125858965,0.04749684,0.26123262,0,0.16623894
ENSG00000205704,0,0,0,21.81481481,28.7037037,0,0,0,0,0,0,3.444444444,58.55555555,45.92592592,2.296296296,4.592592592,0,1.148148148,0,4.592592592,1.148148148,2.296296296,1.148148148,2.296296296,9.185185185,10.33333333,8.037037036,5.74074074,4.592592592,3.444444444,0,0,1.148148148,1.148148148,0,3.444444444,0,0,1.148148148,0,1.148148148,0,0,0,0,0,0,1.148148148,0,5.74074074,0,2.296296296,0,0,2.296296296,0,0,5.74074074,2.296296296,0,3.444444444
ENSG00000206043,0.843537415,0,0,0,0,0,0,0,0,0,0,0,0,0,0.421768707,0,0,0,0,0,0,0,0,0,0,0,0,0,0,0,0,1.476190476,0,0,0,0,1.265306122,0.210884354,0,11.80952381,0,0,0,2.952380952,0,0,0,0,2.108843537,5.482993197,0,0.843537415,1.054421769,0,0,1.054421769,1.897959184,0,0,0.421768707,0.421768707
ENSG00000206811,2.076533346,5.953232328,5.927558825,0,0.083061334,1.286695572,0.865348078,0,20.04194476,3.562576119,4.829639012,1.007307449,5.170945584,5.183027233,1.347103815,4.279924003,3.671310956,1.039021776,1.020899303,0.780776538,1.026940128,0.398694403,1.342573196,2.790860818,0.450041409,0.043795976,2.37857456,1.529838749,0.602572222,2.082574171,0,0.724898914,0.598041604,2.475227749,0.752082623,1.56004287,1.463389682,1.052613631,0.598041604,0.755103035,0.074000097,0.226530911,0.264286062,0.022653091,2.390656209,0.288449359,0.98767477,0.448531203,0.587470161,0,0.099673601,1.335022166,1.93306377,3.802698885,1.63706338,0.69167438,0.513470064,2.929799776,1.742777805,0.424367906,0.620694695
ENSG00000207088,0.67264574,1.804932735,6.58445441,0.747384155,3.437967115,1.943198804,0.373692078,0.074738416,12.55605381,6.20328849,3.288490284,1.34529148,4.932735426,1.270553064,1.521674141,3.80568012,1.765321375,1.046337818,1.868460389,0.747384155,1.420029895,1.569506726,2.242152466,4.295964126,1.121076233,0.971599402,4.29671151,2.059043348,0.378923767,3.288490284,0,1.339312407,0.482810164,2.466367713,0.997757848,1.270553064,2.059043348,1.494768311,0.67264574,0,0.074738416,1.569506726,1.159192825,0.721973094,1.121076233,0.155455904,1.396860987,0.149476831,0.448430493,0.448430493,0.837817638,1.988789238,1.801943199,1.273542601,0.747384155,0.448430493,0.618086697,1.582212257,1.355754858,1.346038864,0.971599402
ENSG00000207523,0,5.391304347,10.78260869,1.347826087,5.391304347,0,0,0,80.8695652,43.13043478,2.695652173,2.695652173,13.47826087,17.52173913,0,17.52173913,8.08695652,0,4.04347826,0,5.391304347,2.695652173,0,30.99999999,0,0,12.13043478,1.347826087,0,0,0,0,0,0,0,0,0,0,0,4.04347826,0,0,2.695652173,6.739130434,0,0,0,0,0,0,0,1.347826087,1.347826087,0,1.347826087,0,1.347826087,2.695652173,8.08695652,0,1.347826087
ENSG00000208892,2.88372093,2.162790697,3.84496124,2.643410852,1.682170542,0,0,0,43.01550387,15.86046511,11.05426356,5.76744186,3.604651162,4.085271317,2.88372093,9.852713177,0.240310077,2.403100775,4.085271317,1.201550387,1.682170542,1.682170542,5.046511627,3.124031007,0,0,1.201550387,0.96124031,0.480620155,0.96124031,0,3.364341085,1.201550387,1.201550387,0.240310077,0.480620155,1.441860465,4.565891472,1.201550387,0,0,0,0.96124031,1.201550387,2.403100775,0.240310077,0.240310077,0.96124031,0,0.240310077,0.480620155,1.201550387,2.88372093,1.201550387,1.92248062,0.96124031,0,0.720930232,0.720930232,0,0.96124031
ENSG00000216863,1.120481928,0,0.410843373,0.224096386,0.709638554,0,0.485542169,0,0.859036145,0,0.224096386,0,0.485542169,0.485542169,0.112048193,1.419277108,0.224096386,0.037349398,0.186746988,0,0.037349398,0,0.112048193,0.336144578,0.037349398,0.336144578,0.485542169,0.112048193,0.709638554,0.14939759,1.045783132,0,0.448192771,0.448192771,0.112048193,0,1.419277108,5.079518072,0.112048193,0.14939759,0.709638554,0,2.240963855,0.672289157,0.298795181,0.261445783,0.112048193,0.859036145,2.390361446,2.801204819,0.709638554,0.448192771,0.186746988,0,2.390361446,0.746987952,0.224096386,3.846987952,1.643373494,0.672289157,0.971084337
ENSG00000224506,0.679891272,0,0,0,0,0,0,0,0,0,0.243361529,0.263743057,0,0,0.158489196,0.030420191,0,0,0,0,0,0.121680765,0.030420191,0,0.030420191,0,0,0,0.152100956,0,1.886051851,2.73568779,0,0,0,0,0,4.456862206,1.021205817,0,1.12828489,0,0.257963221,0,0.091260573,0,0,0,0,0.030420191,0.221763194,9.131837182,2.199684022,0,0.121680765,1.360999352,4.830422153,0,0.454781858,0.973446117,0.097648814
ENSG00000224769,5.462118717,0,0.204229528,9.897984057,4.175472692,5.111865077,2.074972001,0,7.550365637,0,7.416595296,4.63498913,0,0,3.215593913,3.479050003,3.157388497,0.510573819,4.688088807,13.80285263,6.462843402,5.880789248,0.422755122,6.606825219,3.302391462,0.282857896,0,2.58963041,1.157981422,2.62026484,0.215462152,0.342084459,0.437051189,1.079353054,2.211805784,0,0.12968575,1.473516042,6.028855656,1.011957309,4.591079781,0,1.280519138,0,0.204229528,0.274688715,0,0.429903156,0,1.56950392,0.577969563,0.165425917,0.391099545,0,0,1.351999473,1.918736412,0.46257988,2.592693853,1.90239805,0.357401673
ENSG00000228590,0.095975232,0,0.191950464,0.287925697,0,0,0,0,0,0,0,0.479876161,0,0,0,0,0.191950464,0,0.191950464,0,0,0,0,0,0,0.095975232,0,0,0.191950464,0,0,0.86377709,0.383900929,0,0,0,0,0,0.287925697,0,0.191950464,0,2.783281733,0,0.959752322,0,0,0.383900929,1.247678018,4.798761609,0,0.767801857,0,0,0.86377709,0.287925697,0.479876161,14.97213622,0.191950464,0.575851393,0.959752322
ENSG00000230246,0.319609595,0,0,0.319609595,0,0,0,0,0,0,0.426146127,0.426146127,0,0,0.106536532,0.213073063,0,0.532682659,0,0,0.106536532,0,0.213073063,1.171901849,0.213073063,0.319609595,0,0,0.63921919,0,0,1.917657571,0,2.45034023,1.278438381,0,0.532682659,6.498728435,0,0,0,0,0,0,0,0,0,0,0,4.170905217,0,1.536256787,0.745755722,0.106536532,0.532682659,2.070004811,2.5526153,0.629630902,4.496907004,0.532682659,0.948175132
ENSG00000231749,0.138096935,0,0,0,0,0,0,0,0,0,0,0.414290805,0,0,0.138096935,0.414290805,0.138096935,0.138096935,0,0,0,0,0.966678546,0,0.138096935,0,0.414290805,0,0,0.552387741,11.73823949,0.414290805,1.104775481,0,0,0,0,0,0.138096935,0,0,0,1.380969351,0,0.414290805,0,0,0,0,0.966678546,1.242872416,0.27619387,3.734141126,0.966678546,0.27619387,0.690484676,1.717925873,0.966678546,0.27619387,4.695295794,0
ENSG00000234418,0.557553957,0,0,0.111510791,0,0,0,0,0,0,0,0.334532374,0,0,0,0,0,0.223021583,0.111510791,0,0.892086331,0,0,0.446043165,0.111510791,0,0.669064748,0.557553957,0.223021583,0,0.446043165,0.223021583,0.111510791,0.557553957,0,0,0.446043165,2.118705036,0,6.021582734,0.111510791,0,0,0,0,0.78057554,0.669064748,0.669064748,0,4.794964029,0.446043165,4.683453238,0,0,2.341726619,1.561151079,1.449640288,0.111510791,3.122302158,0,0.334532374
ENSG00000234810,0,0,0,0,0,0,0,0,0,0,0,4.677192983,0,0,0,0.10877193,0,0.21754386,0.10877193,0,0,0,0.10877193,0.10877193,0,0.652631579,0,0.10877193,0.10877193,0,2.066666667,0.978947368,0.21754386,0,0,0,0.870175439,0,0.652631579,19.36140351,0.21754386,0,0.652631579,0.21754386,0,0,0.652631579,0.21754386,0,2.066666667,0,0.761403509,0,0,0.761403509,0.870175439,0,0.435087719,0,0,0
ENSG00000235795,0.360465116,0,0,0.120155039,0,0,0,0,0.120155039,0,0.96124031,0,0,0,0.240310078,0.96124031,0.240310078,0.841085271,0.240310078,0.600775194,0.720930233,0,0.720930233,0,0.841085271,0,0.841085271,0.360465116,0.120155039,0.600775194,2.523255814,1.802325581,0.600775194,0,0,1.081395349,0.120155039,1.682170543,1.081395349,4.205426357,0.480620155,0,0.240310078,1.081395349,0,0.720930233,0.96124031,0.96124031,1.92248062,1.081395349,0.720930233,1.081395349,1.441860465,0,1.081395349,2.523255814,0.600775194,1.321705426,0.720930233,0,0.96124031
ENSG00000237359,0.214532872,0.393310265,0.715109573,0,0.250288351,0,0,0,0,0,0.071510957,0.357554787,0,0.858131488,0.071510957,0.715109573,0.143021915,0.357554787,0,0,0.214532872,0.107266436,0.464821223,0.321799308,0.143021915,1.251441753,0.250288351,0.643598616,1.215686274,0.500576701,0.893886966,0.464821223,0.321799308,0.143021915,0,0,0,0.607843137,0.393310265,2.145328719,0.429065744,0,0.393310265,0.107266436,0,0.893886966,0.357554787,1.215686274,1.787773933,2.288350634,0.929642445,3.754325259,1.501730104,0.143021915,1.787773933,2.288350634,2.252595155,1.430219146,1.501730104,1.644752018,1.32295271
ENSG00000237914,0,0,1.430769231,0.476923077,0,0,0,0,0,0,0,0.272527473,0,0,0,0.204395604,0,0,0.340659341,0,0.204395604,0,0.136263736,0.068131868,0,0,0.136263736,0,0.068131868,0.136263736,0,1.975824176,0.340659341,0,0.476923077,0,0,0.136263736,0.340659341,0,0.068131868,0,3.406593408,0.204395604,0.817582418,0.545054945,0,0.340659341,0,0.817582418,0,0.476923077,0.885714286,1.498901099,0.408791209,0.545054945,0.272527473,16.96483517,0,0,0.476923077
ENSG00000240602,0.109734513,0,0,0.16460177,0,0,0.109734513,0,0,0,0.054867257,0.274336283,0,0,0.109734513,0.054867257,0,0.384070796,0,0,0,1.426548673,0.98761062,0.49380531,0.768141593,0.32920354,0,1.042477876,0.219469027,0.438938053,0,0.16460177,0.054867257,0.384070796,0,0.384070796,0.32920354,6.419469027,0.109734513,1.097345133,0.49380531,3.072566372,0.219469027,1.097345133,0.109734513,0,0,1.097345133,1.481415929,0.16460177,1.316814159,3.950442478,0.548672566,0.16460177,0.548672566,3.237168142,0.932743363,0.054867257,0.82300885,1.920353982,0.82300885
ENSG00000243546,0,0,0,0,0,0,0,0,0,0,0,0,0,0,0,0.162303665,0,0,0,0,0,0,0,0.32460733,0,0,0,1.947643979,0,0.486910995,0,0,0,2.759162303,0,0,0,0,0,10.87434555,0.162303665,0,0.32460733,0,0,0,3.408376963,0,0,0.486910995,1.298429319,0.32460733,1.785340314,0.486910995,2.109947644,0.486910995,2.272251309,0.486910995,0,2.921465968,0.811518325
ENSG00000244107,0,0,0.615079365,0,0,0,0,0,0,0,0.246031746,0.246031746,0,0,0.061507936,0.553571428,0,0.184523809,0.123015873,0,0,0.492063492,0.246031746,0.307539682,0.369047619,0,0,0.492063492,0.492063492,1.23015873,2.952380952,1.168650793,0,2.214285714,0,0,0.307539682,4.244047618,0,0,0.061507936,1.23015873,0.246031746,0.984126984,0,0,0.861111111,0.369047619,0,0.061507936,0.615079365,2.952380952,1.23015873,0,0.922619047,2.583333333,2.952380952,0,1.599206349,2.521825396,0.922619047
ENSG00000250493,0.541147132,0,0,0,0.077306733,0,0,0,0,0.695760599,0.463840399,0.541147132,0,0,0,0,0,0,0.309226933,0,0.154613466,0.309226933,0.386533666,0.077306733,0.927680798,0.386533666,0,0,0.2319202,0.2319202,6.493765587,5.102244389,0.2319202,2.783042394,0,0,3.478802993,2.551122195,0.077306733,0,0.154613466,0,0.309226933,0,0,0.077306733,0,0,0,1.932668329,0.2319202,1.70074813,0.2319202,0,0.618453865,1.70074813,1.082294264,0.077306733,1.70074813,0.463840399,0
ENSG00000250891,0.473282443,0,0,0,0,0,0,0,0,2.366412214,0,0.709923664,0,0,0.473282443,0,0,0.354961832,0.118320611,0.118320611,0,0,0,0,0.118320611,0,0,0.354961832,0.118320611,0,2.248091603,0.118320611,0.354961832,2.484732824,0,0,2.011450382,0,1.419847328,6.389312977,1.183206107,0,2.129770992,0,0,0.354961832,2.484732824,0,0,4.022900763,0,0,1.183206107,0,0.709923664,1.65648855,0.236641221,0.591603053,0.709923664,0.473282443,0.236641221
ENSG00000251244,0,0,0,0,0,0,0,0,0,1.039106145,0.259776536,0,0,0,0,0,0,0.432960894,0,0,0,0,0.173184357,0,0,0.259776536,0,0,0,0.173184357,0,0,0.173184357,3.377094971,0,0,0,0,0.779329609,0,0.346368715,0,3.46368715,2.251396647,0.086592179,0.173184357,0,0,1.38547486,1.472067039,0,0,9.611731841,0.173184357,0,0,0.259776536,0.865921787,0.346368715,4.15642458,2.07821229
ENSG00000252947,2.561983471,5.123966943,13.0661157,2.561983471,0.256198347,0,1.280991736,10.76033058,11.78512397,0,9.223140497,2.561983471,13.5785124,1.79338843,1.024793389,9.223140497,2.818181819,0.768595041,6.148760331,3.330578513,2.049586777,2.561983471,2.561983471,5.123966943,0,0.768595041,2.049586777,1.024793389,0.256198347,0,0,0.512396694,0.256198347,0.256198347,0.768595041,1.79338843,1.280991736,0,0.256198347,0,1.79338843,0,2.049586777,4.355371901,2.561983471,0,0.768595041,0.512396694,3.074380166,0,0.512396694,2.561983471,1.537190083,1.537190083,1.537190083,1.280991736,0,1.537190083,0.256198347,0,0
ENSG00000256229,1.261043175,0.030945845,0.046418767,0.425505366,0.425505366,0.06189169,0,0.046418767,0.742700275,0.417768904,0.789119042,1.144996257,0,0.293985525,0.116046918,0.030945845,0.077364612,0.06189169,0.06189169,0.123783379,0.355877215,0.224357375,0.255303219,0.015472922,1.284252558,0.332667831,0.727227352,0.06189169,0.139256301,0.464187672,0.379086599,7.403793363,0.440978288,0.239830297,0.464187672,0.19341153,2.452458198,1.94185176,0.092837534,0.116046918,0.417768904,0.572498128,0.433241827,0.139256301,0.038682306,0.64986274,0.092837534,0.023209384,2.01147991,0.332667831,0.657599201,3.179685551,0.928375343,1.408035937,0.162465685,1.137259796,1.23009733,0.881956576,0.379086599,0.402295982,2.197154979
ENSG00000259100,0.250594729,0,0.035799247,0.429590965,0,0,0.250594729,0,0,0.715984941,1.503568376,0.250594729,1.038178165,0,0.393791718,0.116347553,0,1.181375153,0.501189459,0,0.357992471,0.143196988,0.536988706,0.627918793,0.680185694,0.644386447,0.107397741,0.524458969,1.181375153,0.501189459,0.322193224,0.715984941,0.465390212,0.501189459,1.646765365,0.644386447,1.575166871,3.114534494,0.357992471,0,0.286393976,0.680185694,1.038178165,0.214795482,3.6515232,1.252973647,0.572787953,0.732452595,0.467896159,0.930780423,1.181375153,0.85345405,0.966579671,0,2.436496755,1.535787699,1.073977412,0.369806222,1.591634524,0.930780423,0.888537312
ENSG00000267215,0.553571429,0.18452381,0.18452381,0,0,0,0,0,0,0,0,0,0.18452381,0,0.369047619,0.553571429,0.18452381,0,0,0,0,0,0,0,0.922619048,0,0,0,0,0,0,0.738095238,0,0,0,0.18452381,11.99404762,4.982142857,0,4.059523809,0,1.107142857,0,2.767857143,0.18452381,0,0,0.922619048,0.18452381,2.029761905,0,0,0.18452381,0,0,0.18452381,1.291666667,0,0.18452381,0,0
ENSG00000267641,0.601941748,0,0,0,0,0,0,0,0,0,0,0,0,0,0,0,0,0,0,0,0.601941748,1.053398058,0,0,0,0.150485437,0,0,0,0,0,7.524271845,0,0,0,0,0.601941748,3.912621359,0.150485437,0,0,5.868932039,0,0,0,1.354368932,0,0.150485437,0,0,0,4.966019418,1.805825243,0,0.300970874,0.601941748,1.504854369,0.451456311,0.451456311,0.752427185,0.601941748
ENSG00000267758,0.246031746,0.799603174,0.184523809,0.061507936,0,0.123015873,1.476190476,0,0,0,0,0.799603174,1.291666666,0,0.307539682,0.246031746,0.430555555,0.307539682,0.492063492,0.184523809,0.184523809,0.307539682,0.553571428,0.061507936,0.369047619,1.04563492,0.922619047,0.430555555,0.369047619,0.492063492,0.492063492,1.168650793,0.369047619,0.307539682,0.861111111,0.123015873,0.799603174,0.922619047,0.246031746,0.061507936,0.307539682,3.813492063,0.184523809,1.660714285,0.123015873,0.184523809,0,0.123015873,1.783730158,1.291666666,0.615079365,0.984126984,3.075396825,2.952380952,1.23015873,0.738095238,0.615079365,1.599206349,2.27579365,1.783730158,0.307539682
ENSG00000268027,0.46969697,0,0.626262626,0.156565657,0,0,0,0,0,0,0,0.46969697,0,0,0,0,0,0,0,0,0.313131313,0,0,0,0,0,0.782828283,0.156565657,0.313131313,0,0,4.540404041,0.939393939,0,0,0,0.626262626,0.156565657,1.095959596,0,0,0,4.227272727,0,0.156565657,0,0,0,0,0,0.939393939,0.156565657,0.782828283,0.46969697,0,0.939393939,0.46969697,9.707070707,1.878787879,0.156565657,3.757575758
ENSG00000269930,1.171081912,0,1.382960687,0,0,0,0,0,0,0,0,0.732542121,0,0,0.164247112,0,0.060771432,0.164247112,0.384338243,0,0,0,0.530518173,0.514093462,0.215163717,0.312069514,1.159584614,0.287432447,0.709547526,0.70133517,0,1.530783088,1.351753735,1.698315142,0,0.328494225,1.497933665,3.14040479,0.298929745,0.594574547,0.392550599,0,0.417187666,0,0.816308149,0,0.643848681,1.378033273,1.313976899,3.066493589,2.110575395,1.966037936,2.021881954,0.121542863,1.28605489,0.384338243,1.768941401,1.00847727,1.335329024,0,0.527233231
ENSG00000271303,0.627035027,1.774050321,0.994079921,0.374691663,1.751110015,7.447952642,0.741736557,0.458806118,1.888751851,3.853971388,1.147015294,0.565860878,0.397631969,2.798717317,0.764676863,1.00172669,1.024666996,1.399358659,0.932905772,1.284657129,0.512333498,0.405278737,0.695855945,0.994079921,1.697582635,3.769856933,9.543167246,2.462259498,1.05525407,2.913418847,0.367044894,0.695855945,2.913418847,0.856438086,0.275283671,0.963492847,0.649975333,0.565860878,1.881105082,0.634681796,0.971139616,0.015293537,0.267636902,0.229403059,1.896398619,1.070547608,0.825851012,0.497039961,2.148741984,0.634681796,0.512333498,0.672915639,1.72816971,1.651702023,1.743463247,1.567587568,1.422298965,1.200542674,0.619388259,0.435865812,1.085841145
ENSG00000271395,0,0,0,0,0,0,0,0,0,0,0,0,0,0,0,0.518828452,0,0,0,0,0,0.389121339,0,0,0,0,0,0,0,0,0,4.410041841,0,0,0,0,0,0,0,15.04602511,0.518828452,0,0,0.129707113,0.129707113,0,4.669456067,1.945606695,0,0.389121339,0,1.945606695,0,0,0,0,0.259414226,0,0,1.556485356,0
ENSG00000271810,0,0,0,0,0.257472071,0,0,0,0,0,0,0,0,0,0,1.015382816,0,0,0,0,0,0.349944435,0,0.467801369,0.067087793,0,0,0.922910452,0,0.092472364,0,0,0,0.373515822,0,0.188571094,0,0,0,0,0.154120606,0,0.233900684,0,7.312569457,3.421477452,0,0.431537697,0.718020705,0.137801954,2.957302451,0.752471194,1.602854302,3.191203135,1.443294145,0,2.358951863,1.436041411,0.105164649,1.399777739,2.781423642
ENSG00000273489,0.359159048,0.310664105,0.19931633,0.274494079,0.856221616,0,0.654194652,0,0,0.426501369,0.50841335,0.705527289,0.026979282,0,0.512987545,0.274451725,0.315280654,0.521797107,0.372203975,0.20579644,0.442553407,0.349544766,0.069502358,0.482747031,0.633187236,0.596170136,0.294442653,0.865370007,0.738478438,0.550385828,0.754361061,0.547378718,0.764949476,1.005475918,0.134515228,0.645935688,2.142756431,3.193042523,0.293976763,0.184534902,0.569402622,0,0.315323008,0.171659389,0.733904242,0.223584978,0.275298798,0.606589137,0.869012422,0.429847308,1.880714328,1.790543384,1.091707973,0.627088309,2.153641322,3.611835525,0.899591765,0.377371122,1.125421487,2.209929337,1.370606832
ENSG00000273771,0.720930233,0,0,0,0,0,0,0,0,0,0,13.40930233,0,0,0,0,0,0.144186047,0.144186047,0,0,0,0.576744186,0.288372093,0,0,0.43255814,0.576744186,0.43255814,0,7.209302326,0,0.43255814,0.576744186,0.720930233,0,1.730232558,0,0.144186047,0,0.43255814,0,0.43255814,0,0,0,0,0,0,3.027906977,0,1.297674419,1.586046512,2.162790698,0.288372093,2.451162791,2.306976744,0.144186047,0.720930233,2.451162791,2.88372093
ENSG00000274767,0.216950101,0.867800406,0,0,0,0,0,19.30855903,0,0,0,0,0,0,0,0,0,0,0,0,0,0,1.084750507,0,0,0,0.216950101,0,0,0,0,0.650850304,0.216950101,0,0,0,0,0,0.867800406,9.545804464,0.216950101,0,1.659668276,0,0.216950101,0,2.386451116,0,0,1.51865071,0.216950101,0.433900203,1.440548674,2.820351319,0,0.867800406,1.43187067,1.735600812,0.216950101,2.820351319,1.735600812
ENSG00000277268,0.151960784,0,0,0,0,0,0,0,0,0,0,0,0,0,0,0,0,0,0,0,0,0,0,0,0,0,19.45098039,0,0,0,1.975490196,0,0,0,0,0,0,0,1.823529412,0,12.76470588,0,8.053921569,0,0,2.583333333,0,0,0,1.367647059,0,0.455882353,0,0,0,0.607843137,0,0,1.367647059,0,0
ENSG00000278704,0.068465231,0,0.154101807,0.132087263,0,0.374247245,0.242159982,1.144756278,0,0,0,0.044029088,0,0,0,0.198130894,0.044029088,0.044029088,0.17611635,0.066043631,0.46230542,0.110072719,0.132087263,0.396261788,0.022014544,0.022014544,0.110072719,0.377549426,0.134068572,0.156743552,0.968639927,0.704465402,0.022014544,0.506334507,0,0.066043631,0.660436314,0.550363595,2.443614362,0,1.695119873,0,12.08598455,0.550363595,0.110072719,4.667083286,0,0.044029088,0.506334507,1.474974435,0.484319964,0.398903534,0.46230542,0,0.066043631,0.362139246,0.242159982,0.17611635,0.607381263,0.418276332,0.726479945
ENSG00000278962,0.344923505,0,0.431154381,0,0,0,0,0,0,1.207232267,0.646731572,1.8108484,0.086230876,0,0.388038943,0.819193324,0.086230876,0.086230876,0.603616133,0.215577191,0.431154381,0.129346314,0.043115438,0,0.215577191,0,0.603616133,0.086230876,0,0.086230876,0,0.344923505,1.207232267,1.077885953,0.732962448,0.560500695,0.344923505,0.862308762,0.086230876,0,0.301808067,1.207232267,0.732962448,0.172461752,0.517385257,0.215577191,0,0.431154381,1.638386648,0.68984701,0.560500695,1.250347705,2.198887343,1.983310153,0.603616133,2.888734353,1.379694019,7.114047287,0.474269819,0.258692629,1.164116829
ENSG00000279332,0.463794135,0,0.695691203,0.347845601,0,0,0,0,12.6372307,0.115948534,0,0,0,0,0.115948534,0.463794135,0,0.463794135,0.347845601,0,1.159485338,0.347845601,0.811639737,0,0.115948534,0.695691203,1.159485338,1.623279473,0,0.347845601,0,0.811639737,0.231897068,0,0,1.50733094,0.347845601,1.971125075,0.463794135,4.284298324,0,3.710353082,0.347845601,0.463794135,0,0,1.739228007,0.463794135,0.115948534,0.115948534,0.579742669,2.74334231,1.159485338,1.391382406,1.911991323,0.927588271,1.623279473,1.189631957,1.043536804,1.043536804,0.811639737
ENSG00000280392,0.734494774,0.835307782,0.619279907,0.748896632,0.42485482,0.885714286,0.705691057,0.727293845,0.165621371,0.590476191,0.475261324,1.353774681,0.640882695,0.237630662,0.907317073,0.964924507,0.799303136,0.576074332,0.828106853,0.547270616,0.51126597,0.460859466,0.871312428,0.820905924,0.705691057,0.669686411,0.907317073,0.885714286,0.648083624,0.655284553,0.741695703,0.727293845,1.015331011,0.84970964,0.928919861,0.360046458,1.296167248,1.18815331,1.094541231,0.972125436,1.065737515,1.051335657,0.792102207,0.914518003,0.943321719,1.216957027,0.691289199,1.080139373,0.828106853,0.604878049,1.260162602,1.008130082,1.440185831,1.173751452,1.080139373,1.396980256,1.303368177,1.166550523,0.921718932,0.885714286,1.000929152
ENSG00000283994,0,0,0.888888889,0.333333333,0,0,0,0,0,0,0.333333333,0,0,0,0.111111111,0,0.444444444,0,0,0,0,0,0.111111111,0,0.111111111,0.444444444,0,0.444444444,0,0.444444444,2.888888889,0,0.888888889,0,0.555555556,0,0,0,0.333333333,0,0.111111111,0,3.222222222,0,0,1.111111111,0,0,0,0.444444444,0,0,1.666666667,3.111111111,0.333333333,0.777777778,0.444444444,13,0.555555556,0.777777778,0.777777778
ENSG00000286329,0,0,0,0,0,0,0,0,0,0,0,0,0,0,0,0,0,0.069662921,0.069662921,0,0,0,0,0,0,0,0,0.208988764,0,0,0,0,0,0,0,0,0,0,0.139325843,0,15.39550562,0,0,0,0,0,0,1.602247191,6.617977528,0.975280899,4.946067416,0.069662921,0,0.696629213,0,0.069662921,0.139325843,0,0,0,0.348314607
ENSG00000286471,0.53196304,0.116914954,0.111069206,0.046765982,0,0,0.567037526,0,0,0.403356591,0.409202338,0.081840468,0.175372431,0.046765982,0.643032246,0.771638695,0.099377711,0.420893834,0.204601169,0,0.134452197,0.233829908,0.263058646,0.280595889,1.046388837,0.140297945,0,0.315670375,0.68395248,0.806713181,1.666038092,3.039788799,0.122760702,2.946256836,0.15198944,0.344899114,1.549123138,4.173863851,0.181218178,0.198755421,0.064303225,0.754101452,0.093531963,1.730341317,0.473505563,0.058457477,0.280595889,0.239675655,0.169526683,0.128606449,0.742409957,2.817650387,1.099000566,0.035074486,1.093154818,1.648500849,2.700735433,0,0.783330191,1.36790496,0.344899114
ENSG00000286889,0.81938326,0,0,0,0,0,0,0,0,0,0,0,0,0,0.273127753,0,0,0.136563877,0,0,0.273127753,0,0.682819383,0.273127753,0.136563877,0,0,0.40969163,0.273127753,0,0,1.22907489,0.81938326,3.004405286,0,0.955947137,0,0,0.40969163,0,2.594713656,0,0.136563877,0,0,0,0,0.40969163,6.691629956,5.872246696,0,3.27753304,0.273127753,2.185022026,1.092511013,0.273127753,0.955947137,0,0,0.81938326,0
ENSG00000287684,0,0,0,0.68191817,0,0,0,0,0,0,0.487084407,0,0.389667526,0,0,0.389667526,0,0,0,0,0,0,0.292250644,0.194833763,0.097416881,0.292250644,0,0,0,0,0,0,0.389667526,0.974168814,0,0.487084407,0,0,0.194833763,0,0,0,2.441267048,0.292250644,0,0,0.097416881,0.876751933,14.52485702,2.04575451,0,0.097416881,1.36383634,0,0.389667526,0.779335051,0.194833763,5.461190372,0,0.292250644,0.097416881
ENSG00000287714,0,0,0.5,0.3,0,0,0,0.1,0,0,0.4,0,0,0,0.5,0.5,0,0.1,0.3,0,0.2,0.2,0.3,0.1,0,0,0,0.8,0,0,0,0,0.9,0.1,0.2,0,0.6,0,0.3,5.5,9,0,0.7,0,0,0.4,0,0,0,1.7,0.1,2.7,2.9,0.3,0.7,0,0.9,3.7,0.3,0,0
